match_id,espn_event_id,date,clock,event_type,team_cn,player_en,description,source
2026-06-21_突尼斯_vs_日本,760449,2026-06-21,4',Goal,日本,Daichi Kamada,Daichi Kamada Goal,ESPN
2026-06-21_突尼斯_vs_日本,760449,2026-06-21,31',Goal,日本,Ayase Ueda,Ayase Ueda Goal,ESPN
2026-06-21_突尼斯_vs_日本,760449,2026-06-21,45',Substitution,突尼斯,Ismaël Gharbi,Ismaël Gharbi Substitution,ESPN
2026-06-21_突尼斯_vs_日本,760449,2026-06-21,45',Substitution,突尼斯,Mohamed Amine Ben Hamida,Mohamed Amine Ben Hamida Substit,ESPN
2026-06-21_突尼斯_vs_日本,760449,2026-06-21,64',Substitution,突尼斯,Firas Chaouat,Firas Chaouat Substitution,ESPN
2026-06-21_突尼斯_vs_日本,760449,2026-06-21,69',Goal,日本,Junya Ito,Junya Ito Goal,ESPN
2026-06-21_突尼斯_vs_日本,760449,2026-06-21,73',Substitution,日本,Junnosuke Suzuki,Junnosuke Suzuki Substitution,ESPN
2026-06-21_突尼斯_vs_日本,760449,2026-06-21,74',Substitution,日本,Yukinari Sugawara,Yukinari Sugawara Substitution,ESPN
2026-06-21_突尼斯_vs_日本,760449,2026-06-21,79',Substitution,日本,Yuito Suzuki,Yuito Suzuki Substitution,ESPN
2026-06-21_突尼斯_vs_日本,760449,2026-06-21,79',Substitution,日本,Ayumu Seko,Ayumu Seko Substitution,ESPN
2026-06-21_突尼斯_vs_日本,760449,2026-06-21,83',Goal - Header,日本,Ayase Ueda,Ayase Ueda Goal - Header,ESPN
2026-06-21_突尼斯_vs_日本,760449,2026-06-21,84',Substitution,日本,Keisuke Goto,Keisuke Goto Substitution,ESPN
2026-06-21_突尼斯_vs_日本,760449,2026-06-21,90'+1',Substitution,突尼斯,Rani Khedira,Rani Khedira Substitution,ESPN
2026-06-21_突尼斯_vs_日本,760449,2026-06-21,90'+1',Substitution,突尼斯,Elias Achouri,Elias Achouri Substitution,ESPN
2026-06-21_乌拉圭_vs_佛得角,760450,2026-06-21,5',Yellow Card,佛得角,Sidny Lopes Cabral,Sidny Lopes Cabral Yellow Card,ESPN
2026-06-21_乌拉圭_vs_佛得角,760450,2026-06-21,20',Yellow Card,乌拉圭,Rodrigo Bentancur,Rodrigo Bentancur Yellow Card,ESPN
2026-06-21_乌拉圭_vs_佛得角,760450,2026-06-21,21',Goal - Free-kick,佛得角,Kevin Pina,Kevin Pina Goal - Free-kick,ESPN
2026-06-21_乌拉圭_vs_佛得角,760450,2026-06-21,44',Goal - Header,乌拉圭,Maxi Araújo,Maxi Araújo Goal - Header,ESPN
2026-06-21_乌拉圭_vs_佛得角,760450,2026-06-21,45'+6',Goal,乌拉圭,Agustín Canobbio,Agustín Canobbio Goal,ESPN
2026-06-21_乌拉圭_vs_佛得角,760450,2026-06-21,45',Substitution,佛得角,Deroy Duarte,Deroy Duarte Substitution,ESPN
2026-06-21_乌拉圭_vs_佛得角,760450,2026-06-21,58',Yellow Card,乌拉圭,Mathías Olivera,Mathías Olivera Yellow Card,ESPN
2026-06-21_乌拉圭_vs_佛得角,760450,2026-06-21,58',Substitution,佛得角,Nuno da Costa,Nuno da Costa Substitution,ESPN
2026-06-21_乌拉圭_vs_佛得角,760450,2026-06-21,58',Substitution,佛得角,Hélio Varela,Hélio Varela Substitution,ESPN
2026-06-21_乌拉圭_vs_佛得角,760450,2026-06-21,61',Goal,佛得角,Hélio Varela,Hélio Varela Goal,ESPN
2026-06-21_乌拉圭_vs_佛得角,760450,2026-06-21,70',Substitution,乌拉圭,Darwin Núñez,Darwin Núñez Substitution,ESPN
2026-06-21_乌拉圭_vs_佛得角,760450,2026-06-21,70',Substitution,乌拉圭,Nicolás de la Cruz,Nicolás de la Cruz Substitution,ESPN
2026-06-21_乌拉圭_vs_佛得角,760450,2026-06-21,71',Substitution,佛得角,Laros Duarte,Laros Duarte Substitution,ESPN
2026-06-21_乌拉圭_vs_佛得角,760450,2026-06-21,80',Substitution,佛得角,Yannick Semedo,Yannick Semedo Substitution,ESPN
2026-06-21_乌拉圭_vs_佛得角,760450,2026-06-21,81',Substitution,乌拉圭,Brian Rodríguez,Brian Rodríguez Substitution,ESPN
2026-06-21_乌拉圭_vs_佛得角,760450,2026-06-21,90'+3',Yellow Card,佛得角,Diney Borges,Diney Borges Yellow Card,ESPN
2026-06-21_比利时_vs_伊朗,760451,2026-06-21,3',Yellow Card,比利时,Romelu Lukaku,Romelu Lukaku Yellow Card,ESPN
2026-06-21_比利时_vs_伊朗,760451,2026-06-21,33',Yellow Card,伊朗,Saeid Ezatolahi,Saeid Ezatolahi Yellow Card,ESPN
2026-06-21_比利时_vs_伊朗,760451,2026-06-21,45',Substitution,伊朗,Alireza Jahanbakhsh,Alireza Jahanbakhsh Substitution,ESPN
2026-06-21_比利时_vs_伊朗,760451,2026-06-21,58',Substitution,比利时,Timothy Castagne,Timothy Castagne Substitution,ESPN
2026-06-21_比利时_vs_伊朗,760451,2026-06-21,58',Substitution,比利时,Dodi Lukébakio,Dodi Lukébakio Substitution,ESPN
2026-06-21_比利时_vs_伊朗,760451,2026-06-21,58',Substitution,比利时,Hans Vanaken,Hans Vanaken Substitution,ESPN
2026-06-21_比利时_vs_伊朗,760451,2026-06-21,66',Substitution,伊朗,Mehdi Torabi,Mehdi Torabi Substitution,ESPN
2026-06-21_比利时_vs_伊朗,760451,2026-06-21,66',Substitution,伊朗,Milad Mohammadi,Milad Mohammadi Substitution,ESPN
2026-06-21_比利时_vs_伊朗,760451,2026-06-21,66',Red Card,比利时,Nathan Ngoy,Nathan Ngoy Red Card,ESPN
2026-06-21_比利时_vs_伊朗,760451,2026-06-21,73',Substitution,比利时,Arthur Theate,Arthur Theate Substitution,ESPN
2026-06-21_比利时_vs_伊朗,760451,2026-06-21,79',Substitution,伊朗,Shahriyar Moghanloo,Shahriyar Moghanloo Substitution,ESPN
2026-06-21_比利时_vs_伊朗,760451,2026-06-21,85',Substitution,伊朗,Amirhossein Hosseinzadeh,Amirhossein Hosseinzadeh Substit,ESPN
2026-06-21_比利时_vs_伊朗,760451,2026-06-21,87',Substitution,比利时,Matias Fernandez-Pardo,Matias Fernandez-Pardo Substitut,ESPN
2026-06-22_新西兰_vs_埃及,760452,2026-06-22,15',Goal - Header,新西兰,Finn Surman,Finn Surman Goal - Header,ESPN
2026-06-22_新西兰_vs_埃及,760452,2026-06-22,17',Yellow Card,埃及,Mohanad Lashin,Mohanad Lashin Yellow Card,ESPN
2026-06-22_新西兰_vs_埃及,760452,2026-06-22,20',Yellow Card,新西兰,Sarpreet Singh,Sarpreet Singh Yellow Card,ESPN
2026-06-22_新西兰_vs_埃及,760452,2026-06-22,34',Yellow Card,新西兰,Callum McCowatt,Callum McCowatt Yellow Card,ESPN
2026-06-22_新西兰_vs_埃及,760452,2026-06-22,41',Substitution,埃及,Ramy Rabia,Ramy Rabia Substitution,ESPN
2026-06-22_新西兰_vs_埃及,760452,2026-06-22,58',Goal - Header,埃及,Mostafa Zico,Mostafa Zico Goal - Header,ESPN
2026-06-22_新西兰_vs_埃及,760452,2026-06-22,66',Substitution,新西兰,Ben Old,Ben Old Substitution,ESPN
2026-06-22_新西兰_vs_埃及,760452,2026-06-22,67',Goal,埃及,Mohamed Salah,Mohamed Salah Goal,ESPN
2026-06-22_新西兰_vs_埃及,760452,2026-06-22,76',Substitution,新西兰,Jesse Randall,Jesse Randall Substitution,ESPN
2026-06-22_新西兰_vs_埃及,760452,2026-06-22,76',Substitution,新西兰,Ryan Thomas,Ryan Thomas Substitution,ESPN
2026-06-22_新西兰_vs_埃及,760452,2026-06-22,76',Substitution,埃及,Trézéguet,Trézéguet Substitution,ESPN
2026-06-22_新西兰_vs_埃及,760452,2026-06-22,76',Substitution,埃及,Hamza Abdelkarim,Hamza Abdelkarim Substitution,ESPN
2026-06-22_新西兰_vs_埃及,760452,2026-06-22,82',Goal - Header,埃及,Trézéguet,Trézéguet Goal - Header,ESPN
2026-06-22_新西兰_vs_埃及,760452,2026-06-22,85',Substitution,埃及,Zizo,Zizo Substitution,ESPN
2026-06-22_新西兰_vs_埃及,760452,2026-06-22,85',Substitution,埃及,Hossam Abdelmaguid,Hossam Abdelmaguid Substitution,ESPN
2026-06-22_新西兰_vs_埃及,760452,2026-06-22,85',Substitution,新西兰,Tyler Bindon,Tyler Bindon Substitution,ESPN
2026-06-22_新西兰_vs_埃及,760452,2026-06-22,85',Substitution,新西兰,Francis de Vries,Francis de Vries Substitution,ESPN
2026-06-22_新西兰_vs_埃及,760452,2026-06-22,90'+9',Substitution,埃及,Mohamed Abdelmoneim,Mohamed Abdelmoneim Substitution,ESPN
2026-06-21_西班牙_vs_沙特,760453,2026-06-21,10',Goal,西班牙,Lamine Yamal,Lamine Yamal Goal,ESPN
2026-06-21_西班牙_vs_沙特,760453,2026-06-21,21',Goal,西班牙,Mikel Oyarzabal,Mikel Oyarzabal Goal,ESPN
2026-06-21_西班牙_vs_沙特,760453,2026-06-21,24',Goal,西班牙,Mikel Oyarzabal,Mikel Oyarzabal Goal,ESPN
2026-06-21_西班牙_vs_沙特,760453,2026-06-21,30',Yellow Card,沙特,Salem Al-Dawsari,Salem Al-Dawsari Yellow Card,ESPN
2026-06-21_西班牙_vs_沙特,760453,2026-06-21,45',Substitution,西班牙,Yéremy Pino,Yéremy Pino Substitution,ESPN
2026-06-21_西班牙_vs_沙特,760453,2026-06-21,45',Substitution,西班牙,Ferran Torres,Ferran Torres Substitution,ESPN
2026-06-21_西班牙_vs_沙特,760453,2026-06-21,45',Substitution,沙特,Mohamed Kanno,Mohamed Kanno Substitution,ESPN
2026-06-21_西班牙_vs_沙特,760453,2026-06-21,45',Substitution,沙特,Abdullah Al-Hamdan,Abdullah Al-Hamdan Substitution,ESPN
2026-06-21_西班牙_vs_沙特,760453,2026-06-21,49',Own Goal,西班牙,Hassan Al-Tambakti,Hassan Al-Tambakti Own Goal,ESPN
2026-06-21_西班牙_vs_沙特,760453,2026-06-21,60',Yellow Card,沙特,Mohamed Kanno,Mohamed Kanno Yellow Card,ESPN
2026-06-21_西班牙_vs_沙特,760453,2026-06-21,60',Substitution,沙特,Mohammed Abu Al-Shamat,Mohammed Abu Al-Shamat Substitut,ESPN
2026-06-21_西班牙_vs_沙特,760453,2026-06-21,60',Substitution,沙特,Ala Al-Hajji,Ala Al-Hajji Substitution,ESPN
2026-06-21_西班牙_vs_沙特,760453,2026-06-21,61',Substitution,西班牙,Mikel Merino,Mikel Merino Substitution,ESPN
2026-06-21_西班牙_vs_沙特,760453,2026-06-21,61',Substitution,西班牙,Nico Williams,Nico Williams Substitution,ESPN
2026-06-21_西班牙_vs_沙特,760453,2026-06-21,70',Substitution,西班牙,Fabián Ruiz,Fabián Ruiz Substitution,ESPN
2026-06-21_西班牙_vs_沙特,760453,2026-06-21,90',Substitution,沙特,Khalid Al-Ghannam,Khalid Al-Ghannam Substitution,ESPN
2026-06-23_挪威_vs_塞内加尔,760454,2026-06-23,13',Substitution,挪威,Marcus Holmgren Pedersen,Marcus Holmgren Pedersen Substit,ESPN
2026-06-23_挪威_vs_塞内加尔,760454,2026-06-23,43',Goal,挪威,Marcus Holmgren Pedersen,Marcus Holmgren Pedersen Goal,ESPN
2026-06-23_挪威_vs_塞内加尔,760454,2026-06-23,45',Substitution,挪威,Patrick Berg,Patrick Berg Substitution,ESPN
2026-06-23_挪威_vs_塞内加尔,760454,2026-06-23,48',Goal,挪威,Erling Haaland,Erling Haaland Goal,ESPN
2026-06-23_挪威_vs_塞内加尔,760454,2026-06-23,53',Goal,塞内加尔,Ismaïla Sarr,Ismaïla Sarr Goal,ESPN
2026-06-23_挪威_vs_塞内加尔,760454,2026-06-23,54',Substitution,塞内加尔,Ismail Jakobs,Ismail Jakobs Substitution,ESPN
2026-06-23_挪威_vs_塞内加尔,760454,2026-06-23,54',Substitution,塞内加尔,Ibrahim Mbaye,Ibrahim Mbaye Substitution,ESPN
2026-06-23_挪威_vs_塞内加尔,760454,2026-06-23,58',Goal,挪威,Erling Haaland,Erling Haaland Goal,ESPN
2026-06-23_挪威_vs_塞内加尔,760454,2026-06-23,63',Substitution,塞内加尔,Mory Diaw,Mory Diaw Substitution,ESPN
2026-06-23_挪威_vs_塞内加尔,760454,2026-06-23,63',Substitution,塞内加尔,Pathé Ciss,Pathé Ciss Substitution,ESPN
2026-06-23_挪威_vs_塞内加尔,760454,2026-06-23,71',Substitution,挪威,Andreas Schjelderup,Andreas Schjelderup Substitution,ESPN
2026-06-23_挪威_vs_塞内加尔,760454,2026-06-23,72',Substitution,塞内加尔,Pape Matar Sarr,Pape Matar Sarr Substitution,ESPN
2026-06-23_挪威_vs_塞内加尔,760454,2026-06-23,84',Substitution,挪威,Oscar Bobb,Oscar Bobb Substitution,ESPN
2026-06-23_挪威_vs_塞内加尔,760454,2026-06-23,84',Substitution,挪威,Leo Østigard,Leo Østigard Substitution,ESPN
2026-06-23_挪威_vs_塞内加尔,760454,2026-06-23,90'+3',Goal,塞内加尔,Ismaïla Sarr,Ismaïla Sarr Goal,ESPN
2026-06-23_约旦_vs_阿尔及利亚,760455,2026-06-23,36',Goal,约旦,Nizar Al-Rashdan,Nizar Al-Rashdan Goal,ESPN
2026-06-23_约旦_vs_阿尔及利亚,760455,2026-06-23,44',Yellow Card,阿尔及利亚,Ramiz Zerrouki,Ramiz Zerrouki Yellow Card,ESPN
2026-06-23_约旦_vs_阿尔及利亚,760455,2026-06-23,45',Substitution,阿尔及利亚,Nabil Bentaleb,Nabil Bentaleb Substitution,ESPN
2026-06-23_约旦_vs_阿尔及利亚,760455,2026-06-23,45',Substitution,阿尔及利亚,Nadhir Benbouali,Nadhir Benbouali Substitution,ESPN
2026-06-23_约旦_vs_阿尔及利亚,760455,2026-06-23,64',Yellow Card,约旦,Husam Abu Dahab,Husam Abu Dahab Yellow Card,ESPN
2026-06-23_约旦_vs_阿尔及利亚,760455,2026-06-23,69',Goal - Header,阿尔及利亚,Nadhir Benbouali,Nadhir Benbouali Goal - Header,ESPN
2026-06-23_约旦_vs_阿尔及利亚,760455,2026-06-23,76',Substitution,阿尔及利亚,Anis Hadj Moussa,Anis Hadj Moussa Substitution,ESPN
2026-06-23_约旦_vs_阿尔及利亚,760455,2026-06-23,76',Substitution,约旦,Odeh Fakhoury,Odeh Fakhoury Substitution,ESPN
2026-06-23_约旦_vs_阿尔及利亚,760455,2026-06-23,82',Goal,阿尔及利亚,Amine Gouiri,Amine Gouiri Goal,ESPN
2026-06-23_约旦_vs_阿尔及利亚,760455,2026-06-23,84',Substitution,约旦,Ali Azaizeh,Ali Azaizeh Substitution,ESPN
2026-06-23_约旦_vs_阿尔及利亚,760455,2026-06-23,85',Substitution,约旦,Mohammad Abu Hasheesh,Mohammad Abu Hasheesh Substituti,ESPN
2026-06-23_约旦_vs_阿尔及利亚,760455,2026-06-23,85',Substitution,阿尔及利亚,Jaouen Hadjam,Jaouen Hadjam Substitution,ESPN
2026-06-23_约旦_vs_阿尔及利亚,760455,2026-06-23,86',Substitution,阿尔及利亚,Zineddine Belaïd,Zineddine Belaïd Substitution,ESPN
2026-06-23_约旦_vs_阿尔及利亚,760455,2026-06-23,90'+1',Substitution,约旦,Saleem Obaid,Saleem Obaid Substitution,ESPN
2026-06-23_约旦_vs_阿尔及利亚,760455,2026-06-23,90'+2',Substitution,约旦,Mohammed Abu Zraiq,Mohammed Abu Zraiq Substitution,ESPN
2026-06-22_阿根廷_vs_奥地利,760456,2026-06-22,9',Penalty - Missed,阿根廷,Lionel Messi,Lionel Messi Penalty - Missed,ESPN
2026-06-22_阿根廷_vs_奥地利,760456,2026-06-22,38',Goal,阿根廷,Lionel Messi,Lionel Messi Goal,ESPN
2026-06-22_阿根廷_vs_奥地利,760456,2026-06-22,40',Yellow Card,奥地利,Stefan Posch,Stefan Posch Yellow Card,ESPN
2026-06-22_阿根廷_vs_奥地利,760456,2026-06-22,57',Substitution,阿根廷,Nicolás Otamendi,Nicolás Otamendi Substitution,ESPN
2026-06-22_阿根廷_vs_奥地利,760456,2026-06-22,64',Substitution,阿根廷,Julián Álvarez,Julián Álvarez Substitution,ESPN
2026-06-22_阿根廷_vs_奥地利,760456,2026-06-22,65',Substitution,阿根廷,Nico González,Nico González Substitution,ESPN
2026-06-22_阿根廷_vs_奥地利,760456,2026-06-22,67',Substitution,奥地利,Marco Friedl,Marco Friedl Substitution,ESPN
2026-06-22_阿根廷_vs_奥地利,760456,2026-06-22,68',Substitution,奥地利,Alexander Prass,Alexander Prass Substitution,ESPN
2026-06-22_阿根廷_vs_奥地利,760456,2026-06-22,68',Substitution,奥地利,Marko Arnautovic,Marko Arnautovic Substitution,ESPN
2026-06-22_阿根廷_vs_奥地利,760456,2026-06-22,76',Yellow Card,阿根廷,Facundo Medina,Facundo Medina Yellow Card,ESPN
2026-06-22_阿根廷_vs_奥地利,760456,2026-06-22,76',Yellow Card,奥地利,Konrad Laimer,Konrad Laimer Yellow Card,ESPN
2026-06-22_阿根廷_vs_奥地利,760456,2026-06-22,78',Substitution,奥地利,Patrick Wimmer,Patrick Wimmer Substitution,ESPN
2026-06-22_阿根廷_vs_奥地利,760456,2026-06-22,82',Substitution,阿根廷,Leandro Paredes,Leandro Paredes Substitution,ESPN
2026-06-22_阿根廷_vs_奥地利,760456,2026-06-22,82',Substitution,阿根廷,Nicolás Tagliafico,Nicolás Tagliafico Substitution,ESPN
2026-06-22_阿根廷_vs_奥地利,760456,2026-06-22,85',Substitution,奥地利,Carney Chukwuemeka,Carney Chukwuemeka Substitution,ESPN
2026-06-22_阿根廷_vs_奥地利,760456,2026-06-22,90'+2',Yellow Card,阿根廷,Leandro Paredes,Leandro Paredes Yellow Card,ESPN
2026-06-22_阿根廷_vs_奥地利,760456,2026-06-22,90'+5',Goal,阿根廷,Lionel Messi,Lionel Messi Goal,ESPN
2026-06-22_法国_vs_伊拉克,760457,2026-06-22,6',Yellow Card,伊拉克,Amir Al-Ammari,Amir Al-Ammari Yellow Card,ESPN
2026-06-22_法国_vs_伊拉克,760457,2026-06-22,14',Goal,法国,Kylian Mbappé,Kylian Mbappé Goal,ESPN
2026-06-22_法国_vs_伊拉克,760457,2026-06-22,26',Substitution,伊拉克,Ali Al-Hamadi,Ali Al-Hamadi Substitution,ESPN
2026-06-22_法国_vs_伊拉克,760457,2026-06-22,54',Goal,法国,Kylian Mbappé,Kylian Mbappé Goal,ESPN
2026-06-22_法国_vs_伊拉克,760457,2026-06-22,60',Substitution,伊拉克,Rebin Sulaka,Rebin Sulaka Substitution,ESPN
2026-06-22_法国_vs_伊拉克,760457,2026-06-22,60',Substitution,伊拉克,Youssef Amyn,Youssef Amyn Substitution,ESPN
2026-06-22_法国_vs_伊拉克,760457,2026-06-22,66',Goal,法国,Ousmane Dembélé,Ousmane Dembélé Goal,ESPN
2026-06-22_法国_vs_伊拉克,760457,2026-06-22,68',Substitution,法国,Désiré Doué,Désiré Doué Substitution,ESPN
2026-06-22_法国_vs_伊拉克,760457,2026-06-22,68',Substitution,法国,Rayan Cherki,Rayan Cherki Substitution,ESPN
2026-06-22_法国_vs_伊拉克,760457,2026-06-22,68',Substitution,伊拉克,Aimar Sher,Aimar Sher Substitution,ESPN
2026-06-22_法国_vs_伊拉克,760457,2026-06-22,69',Substitution,伊拉克,Marko Farji,Marko Farji Substitution,ESPN
2026-06-22_法国_vs_伊拉克,760457,2026-06-22,83',Substitution,法国,Maghnes Akliouche,Maghnes Akliouche Substitution,ESPN
2026-06-22_法国_vs_伊拉克,760457,2026-06-22,83',Substitution,法国,Malo Gusto,Malo Gusto Substitution,ESPN
2026-06-22_法国_vs_伊拉克,760457,2026-06-22,90'+1',Substitution,法国,Marcus Thuram,Marcus Thuram Substitution,ESPN
2026-06-23_英格兰_vs_加纳,760458,2026-06-23,41',Yellow Card,英格兰,Declan Rice,Declan Rice Yellow Card,ESPN
2026-06-23_英格兰_vs_加纳,760458,2026-06-23,60',Yellow Card,加纳,Iñaki Williams,Iñaki Williams Yellow Card,ESPN
2026-06-23_英格兰_vs_加纳,760458,2026-06-23,65',Substitution,英格兰,Bukayo Saka,Bukayo Saka Substitution,ESPN
2026-06-23_英格兰_vs_加纳,760458,2026-06-23,66',Substitution,英格兰,Nico O'Reilly,Nico O'Reilly Substitution,ESPN
2026-06-23_英格兰_vs_加纳,760458,2026-06-23,66',Substitution,加纳,Fatawu Issahaku,Fatawu Issahaku Substitution,ESPN
2026-06-23_英格兰_vs_加纳,760458,2026-06-23,67',Substitution,加纳,Prince Adu,Prince Adu Substitution,ESPN
2026-06-23_英格兰_vs_加纳,760458,2026-06-23,73',Substitution,英格兰,Morgan Rogers,Morgan Rogers Substitution,ESPN
2026-06-23_英格兰_vs_加纳,760458,2026-06-23,74',Substitution,英格兰,Eberechi Eze,Eberechi Eze Substitution,ESPN
2026-06-23_英格兰_vs_加纳,760458,2026-06-23,83',Substitution,英格兰,Marcus Rashford,Marcus Rashford Substitution,ESPN
2026-06-23_英格兰_vs_加纳,760458,2026-06-23,87',Substitution,加纳,Kojo Peprah Oppong,Kojo Peprah Oppong Substitution,ESPN
2026-06-23_英格兰_vs_加纳,760458,2026-06-23,90'+5',Substitution,加纳,Baba Rahman,Baba Rahman Substitution,ESPN
2026-06-24_哥伦比亚_vs_民主刚果,760459,2026-06-24,45',Substitution,民主刚果,Noah Sadiki,Noah Sadiki Substitution,ESPN
2026-06-24_哥伦比亚_vs_民主刚果,760459,2026-06-24,56',Yellow Card,哥伦比亚,Jhon Lucumí,Jhon Lucumí Yellow Card,ESPN
2026-06-24_哥伦比亚_vs_民主刚果,760459,2026-06-24,57',Substitution,民主刚果,Simon Banza,Simon Banza Substitution,ESPN
2026-06-24_哥伦比亚_vs_民主刚果,760459,2026-06-24,58',Substitution,哥伦比亚,Jhon Córdoba,Jhon Córdoba Substitution,ESPN
2026-06-24_哥伦比亚_vs_民主刚果,760459,2026-06-24,58',Substitution,哥伦比亚,Juan Fernando Quintero,Juan Fernando Quintero Substitut,ESPN
2026-06-24_哥伦比亚_vs_民主刚果,760459,2026-06-24,72',Substitution,民主刚果,Joris Kayembe,Joris Kayembe Substitution,ESPN
2026-06-24_哥伦比亚_vs_民主刚果,760459,2026-06-24,72',Substitution,民主刚果,Charles Pickel,Charles Pickel Substitution,ESPN
2026-06-24_哥伦比亚_vs_民主刚果,760459,2026-06-24,76',Goal,哥伦比亚,Daniel Muñoz,Daniel Muñoz Goal,ESPN
2026-06-24_哥伦比亚_vs_民主刚果,760459,2026-06-24,77',Substitution,哥伦比亚,Richard Ríos,Richard Ríos Substitution,ESPN
2026-06-24_哥伦比亚_vs_民主刚果,760459,2026-06-24,82',Substitution,民主刚果,Nathanaël Mbuku,Nathanaël Mbuku Substitution,ESPN
2026-06-24_哥伦比亚_vs_民主刚果,760459,2026-06-24,90'+3',Yellow Card,民主刚果,Charles Pickel,Charles Pickel Yellow Card,ESPN
2026-06-24_哥伦比亚_vs_民主刚果,760459,2026-06-24,90'+4',Yellow Card,哥伦比亚,Jefferson Lerma,Jefferson Lerma Yellow Card,ESPN
2026-06-23_巴拿马_vs_克罗地亚,760460,2026-06-23,45',Substitution,克罗地亚,Ante Budimir,Ante Budimir Substitution,ESPN
2026-06-23_巴拿马_vs_克罗地亚,760460,2026-06-23,45',Substitution,克罗地亚,Andrej Kramaric,Andrej Kramaric Substitution,ESPN
2026-06-23_巴拿马_vs_克罗地亚,760460,2026-06-23,54',Goal,克罗地亚,Ante Budimir,Ante Budimir Goal,ESPN
2026-06-23_巴拿马_vs_克罗地亚,760460,2026-06-23,61',Yellow Card,巴拿马,Édgar Yoel Bárcenas,Édgar Yoel Bárcenas Yellow Card,ESPN
2026-06-23_巴拿马_vs_克罗地亚,760460,2026-06-23,72',Substitution,克罗地亚,Luka Sucic,Luka Sucic Substitution,ESPN
2026-06-23_巴拿马_vs_克罗地亚,760460,2026-06-23,72',Substitution,克罗地亚,Petar Sucic,Petar Sucic Substitution,ESPN
2026-06-23_巴拿马_vs_克罗地亚,760460,2026-06-23,77',Substitution,巴拿马,Cecilio Waterman,Cecilio Waterman Substitution,ESPN
2026-06-23_巴拿马_vs_克罗地亚,760460,2026-06-23,81',Substitution,克罗地亚,Mario Pasalic,Mario Pasalic Substitution,ESPN
2026-06-23_巴拿马_vs_克罗地亚,760460,2026-06-23,83',Substitution,巴拿马,Azarias Londoño,Azarias Londoño Substitution,ESPN
2026-06-23_巴拿马_vs_克罗地亚,760460,2026-06-23,90',Substitution,巴拿马,Éric Davis,Éric Davis Substitution,ESPN
2026-06-23_巴拿马_vs_克罗地亚,760460,2026-06-23,90',Substitution,巴拿马,Tomás Rodríguez,Tomás Rodríguez Substitution,ESPN
2026-06-23_巴拿马_vs_克罗地亚,760460,2026-06-23,90'+2',Yellow Card,克罗地亚,Petar Sucic,Petar Sucic Yellow Card,ESPN
2026-06-23_葡萄牙_vs_乌兹别克斯坦,760461,2026-06-23,6',Goal - Volley,葡萄牙,Cristiano Ronaldo,Cristiano Ronaldo Goal - Volley,ESPN
2026-06-23_葡萄牙_vs_乌兹别克斯坦,760461,2026-06-23,14',Yellow Card,乌兹别克斯坦,Odiljon Xamrobekov,Odiljon Xamrobekov Yellow Card,ESPN
2026-06-23_葡萄牙_vs_乌兹别克斯坦,760461,2026-06-23,17',Goal - Free-kick,葡萄牙,Nuno Mendes,Nuno Mendes Goal - Free-kick,ESPN
2026-06-23_葡萄牙_vs_乌兹别克斯坦,760461,2026-06-23,39',Goal,葡萄牙,Cristiano Ronaldo,Cristiano Ronaldo Goal,ESPN
2026-06-23_葡萄牙_vs_乌兹别克斯坦,760461,2026-06-23,45',Substitution,乌兹别克斯坦,Khojiakbar Alijonov,Khojiakbar Alijonov Substitution,ESPN
2026-06-23_葡萄牙_vs_乌兹别克斯坦,760461,2026-06-23,45',Substitution,乌兹别克斯坦,Akmal Mozgovoy,Akmal Mozgovoy Substitution,ESPN
2026-06-23_葡萄牙_vs_乌兹别克斯坦,760461,2026-06-23,45',Substitution,葡萄牙,Nélson Semedo,Nélson Semedo Substitution,ESPN
2026-06-23_葡萄牙_vs_乌兹别克斯坦,760461,2026-06-23,45',Substitution,葡萄牙,Francisco Conceição,Francisco Conceição Substitution,ESPN
2026-06-23_葡萄牙_vs_乌兹别克斯坦,760461,2026-06-23,60',Own Goal,葡萄牙,Abduvohid Nematov,Abduvohid Nematov Own Goal,ESPN
2026-06-23_葡萄牙_vs_乌兹别克斯坦,760461,2026-06-23,63',Substitution,葡萄牙,Francisco Trincão,Francisco Trincão Substitution,ESPN
2026-06-23_葡萄牙_vs_乌兹别克斯坦,760461,2026-06-23,68',Yellow Card,葡萄牙,Renato Veiga,Renato Veiga Yellow Card,ESPN
2026-06-23_葡萄牙_vs_乌兹别克斯坦,760461,2026-06-23,73',Substitution,乌兹别克斯坦,Igor Sergeev,Igor Sergeev Substitution,ESPN
2026-06-23_葡萄牙_vs_乌兹别克斯坦,760461,2026-06-23,76',Substitution,葡萄牙,Bernardo Silva,Bernardo Silva Substitution,ESPN
2026-06-23_葡萄牙_vs_乌兹别克斯坦,760461,2026-06-23,83',Substitution,葡萄牙,Rafael Leão,Rafael Leão Substitution,ESPN
2026-06-23_葡萄牙_vs_乌兹别克斯坦,760461,2026-06-23,87',Goal,葡萄牙,Rafael Leão,Rafael Leão Goal,ESPN
2026-06-23_葡萄牙_vs_乌兹别克斯坦,760461,2026-06-23,90'+2',Substitution,乌兹别克斯坦,Ruslanbek Jiyanov,Ruslanbek Jiyanov Substitution,ESPN
2026-06-23_葡萄牙_vs_乌兹别克斯坦,760461,2026-06-23,90'+2',Substitution,乌兹别克斯坦,Sherzod Esanov,Sherzod Esanov Substitution,ESPN
2026-06-24_波黑_vs_卡塔尔,760462,2026-06-24,29',Goal,波黑,Kerim Alajbegovic,Kerim Alajbegovic Goal,ESPN
2026-06-24_波黑_vs_卡塔尔,760462,2026-06-24,34',Own Goal,波黑,Mahmoud Abunada,Mahmoud Abunada Own Goal,ESPN
2026-06-24_波黑_vs_卡塔尔,760462,2026-06-24,42',Goal,卡塔尔,Hassan Al-Haydos,Hassan Al-Haydos Goal,ESPN
2026-06-24_波黑_vs_卡塔尔,760462,2026-06-24,45',Substitution,波黑,Benjamin Tahirovic,Benjamin Tahirovic Substitution,ESPN
2026-06-24_波黑_vs_卡塔尔,760462,2026-06-24,45',Substitution,波黑,Amar Memic,Amar Memic Substitution,ESPN
2026-06-24_波黑_vs_卡塔尔,760462,2026-06-24,45',Substitution,卡塔尔,Abdulaziz Hatem,Abdulaziz Hatem Substitution,ESPN
2026-06-24_波黑_vs_卡塔尔,760462,2026-06-24,56',Substitution,卡塔尔,Ahmed Al-Ganehi,Ahmed Al-Ganehi Substitution,ESPN
2026-06-24_波黑_vs_卡塔尔,760462,2026-06-24,63',Substitution,波黑,Dennis Hadzikadunic,Dennis Hadzikadunic Substitution,ESPN
2026-06-24_波黑_vs_卡塔尔,760462,2026-06-24,64',Substitution,波黑,Ermin Mahmic,Ermin Mahmic Substitution,ESPN
2026-06-24_波黑_vs_卡塔尔,760462,2026-06-24,72',Substitution,卡塔尔,Almoez Ali,Almoez Ali Substitution,ESPN
2026-06-24_波黑_vs_卡塔尔,760462,2026-06-24,78',Yellow Card,卡塔尔,Ahmed Fathy,Ahmed Fathy Yellow Card,ESPN
2026-06-24_波黑_vs_卡塔尔,760462,2026-06-24,79',Substitution,卡塔尔,Ahmed Alaaeldin,Ahmed Alaaeldin Substitution,ESPN
2026-06-24_波黑_vs_卡塔尔,760462,2026-06-24,79',Substitution,卡塔尔,Mohamed Manai,Mohamed Manai Substitution,ESPN
2026-06-24_波黑_vs_卡塔尔,760462,2026-06-24,80',Goal,波黑,Ermin Mahmic,Ermin Mahmic Goal,ESPN
2026-06-24_波黑_vs_卡塔尔,760462,2026-06-24,82',Substitution,波黑,Dzenis Burnic,Dzenis Burnic Substitution,ESPN
2026-06-24_波黑_vs_卡塔尔,760462,2026-06-24,82',Yellow Card,波黑,Ermin Mahmic,Ermin Mahmic Yellow Card,ESPN
2026-06-24_瑞士_vs_加拿大,760463,2026-06-24,32',Yellow Card,加拿大,Cyle Larin,Cyle Larin Yellow Card,ESPN
2026-06-24_瑞士_vs_加拿大,760463,2026-06-24,32',Yellow Card,瑞士,Granit Xhaka,Granit Xhaka Yellow Card,ESPN
2026-06-24_瑞士_vs_加拿大,760463,2026-06-24,46',Goal,瑞士,Rubén Vargas,Rubén Vargas Goal,ESPN
2026-06-24_瑞士_vs_加拿大,760463,2026-06-24,57',Goal,瑞士,Johan Manzambi,Johan Manzambi Goal,ESPN
2026-06-24_瑞士_vs_加拿大,760463,2026-06-24,58',Substitution,加拿大,Stephen Eustáquio,Stephen Eustáquio Substitution,ESPN
2026-06-24_瑞士_vs_加拿大,760463,2026-06-24,58',Substitution,加拿大,Tani Oluwaseyi,Tani Oluwaseyi Substitution,ESPN
2026-06-24_瑞士_vs_加拿大,760463,2026-06-24,58',Substitution,加拿大,Liam Millar,Liam Millar Substitution,ESPN
2026-06-24_瑞士_vs_加拿大,760463,2026-06-24,74',Substitution,瑞士,Michel Aebischer,Michel Aebischer Substitution,ESPN
2026-06-24_瑞士_vs_加拿大,760463,2026-06-24,74',Substitution,瑞士,Silvan Widmer,Silvan Widmer Substitution,ESPN
2026-06-24_瑞士_vs_加拿大,760463,2026-06-24,74',Substitution,加拿大,Promise David,Promise David Substitution,ESPN
2026-06-24_瑞士_vs_加拿大,760463,2026-06-24,76',Goal,加拿大,Promise David,Promise David Goal,ESPN
2026-06-24_瑞士_vs_加拿大,760463,2026-06-24,80',Substitution,瑞士,Dan Ndoye,Dan Ndoye Substitution,ESPN
2026-06-24_瑞士_vs_加拿大,760463,2026-06-24,83',Substitution,加拿大,Jacob Shaffelburg,Jacob Shaffelburg Substitution,ESPN
2026-06-24_瑞士_vs_加拿大,760463,2026-06-24,85',Substitution,瑞士,Christian Fassnacht,Christian Fassnacht Substitution,ESPN
2026-06-24_瑞士_vs_加拿大,760463,2026-06-24,85',Substitution,瑞士,Cedric Itten,Cedric Itten Substitution,ESPN
2026-06-24_瑞士_vs_加拿大,760463,2026-06-24,87',Yellow Card,加拿大,Liam Millar,Liam Millar Yellow Card,ESPN
2026-06-24_摩洛哥_vs_海地,760464,2026-06-24,10',Own Goal,海地,Yassine Bounou,Yassine Bounou Own Goal,ESPN
2026-06-24_摩洛哥_vs_海地,760464,2026-06-24,39',Goal,摩洛哥,Achraf Hakimi,Achraf Hakimi Goal,ESPN
2026-06-24_摩洛哥_vs_海地,760464,2026-06-24,43',Goal,海地,Wilson Isidor,Wilson Isidor Goal,ESPN
2026-06-24_摩洛哥_vs_海地,760464,2026-06-24,45'+1',Goal,摩洛哥,Ismael Saibari,Ismael Saibari Goal,ESPN
2026-06-24_摩洛哥_vs_海地,760464,2026-06-24,67',Substitution,海地,Duckens Nazon,Duckens Nazon Substitution,ESPN
2026-06-24_摩洛哥_vs_海地,760464,2026-06-24,67',Substitution,海地,Louicius Deedson,Louicius Deedson Substitution,ESPN
2026-06-24_摩洛哥_vs_海地,760464,2026-06-24,70',Substitution,摩洛哥,Soufiane Rahimi,Soufiane Rahimi Substitution,ESPN
2026-06-24_摩洛哥_vs_海地,760464,2026-06-24,70',Substitution,摩洛哥,Azzedine Ounahi,Azzedine Ounahi Substitution,ESPN
2026-06-24_摩洛哥_vs_海地,760464,2026-06-24,70',Substitution,摩洛哥,Gessime Yassine,Gessime Yassine Substitution,ESPN
2026-06-24_摩洛哥_vs_海地,760464,2026-06-24,78',Goal,摩洛哥,Soufiane Rahimi,Soufiane Rahimi Goal,ESPN
2026-06-24_摩洛哥_vs_海地,760464,2026-06-24,79',Yellow Card,海地,Johny Placide,Johny Placide Yellow Card,ESPN
2026-06-24_摩洛哥_vs_海地,760464,2026-06-24,80',Yellow Card,海地,Duckens Nazon,Duckens Nazon Yellow Card,ESPN
2026-06-24_摩洛哥_vs_海地,760464,2026-06-24,80',Substitution,海地,Carlens Arcus,Carlens Arcus Substitution,ESPN
2026-06-24_摩洛哥_vs_海地,760464,2026-06-24,80',Substitution,海地,Dominique Simon,Dominique Simon Substitution,ESPN
2026-06-24_摩洛哥_vs_海地,760464,2026-06-24,83',Substitution,摩洛哥,Noussair Mazraoui,Noussair Mazraoui Substitution,ESPN
2026-06-24_摩洛哥_vs_海地,760464,2026-06-24,83',Substitution,摩洛哥,Samir El Mourabet,Samir El Mourabet Substitution,ESPN
2026-06-24_摩洛哥_vs_海地,760464,2026-06-24,83',Substitution,海地,Frantzdy Pierrot,Frantzdy Pierrot Substitution,ESPN
2026-06-24_摩洛哥_vs_海地,760464,2026-06-24,89',Goal,摩洛哥,Gessime Yassine,Gessime Yassine Goal,ESPN
2026-06-24_摩洛哥_vs_海地,760464,2026-06-24,90'+3',Yellow Card,海地,Josué Casimir,Josué Casimir Yellow Card,ESPN
2026-06-24_苏格兰_vs_巴西,760465,2026-06-24,7',Goal,巴西,Vinícius Júnior,Vinícius Júnior Goal,ESPN
2026-06-24_苏格兰_vs_巴西,760465,2026-06-24,45'+3',Goal - Header,巴西,Vinícius Júnior,Vinícius Júnior Goal - Header,ESPN
2026-06-24_苏格兰_vs_巴西,760465,2026-06-24,45',Substitution,苏格兰,Kieran Tierney,Kieran Tierney Substitution,ESPN
2026-06-24_苏格兰_vs_巴西,760465,2026-06-24,60',Goal,巴西,Matheus Cunha,Matheus Cunha Goal,ESPN
2026-06-24_苏格兰_vs_巴西,760465,2026-06-24,62',Yellow Card,巴西,Danilo,Danilo Yellow Card,ESPN
2026-06-24_苏格兰_vs_巴西,760465,2026-06-24,65',Substitution,巴西,Fabinho,Fabinho Substitution,ESPN
2026-06-24_苏格兰_vs_巴西,760465,2026-06-24,66',Substitution,巴西,Gabriel Martinelli,Gabriel Martinelli Substitution,ESPN
2026-06-24_苏格兰_vs_巴西,760465,2026-06-24,76',Substitution,巴西,Neymar,Neymar Substitution,ESPN
2026-06-24_苏格兰_vs_巴西,760465,2026-06-24,82',Substitution,苏格兰,Anthony Ralston,Anthony Ralston Substitution,ESPN
2026-06-24_苏格兰_vs_巴西,760465,2026-06-24,82',Substitution,巴西,Endrick,Endrick Substitution,ESPN
2026-06-24_苏格兰_vs_巴西,760465,2026-06-24,82',Substitution,巴西,Alex Sandro,Alex Sandro Substitution,ESPN
2026-06-24_苏格兰_vs_巴西,760465,2026-06-24,82',Substitution,苏格兰,Ryan Christie,Ryan Christie Substitution,ESPN
2026-06-24_苏格兰_vs_巴西,760465,2026-06-24,82',Yellow Card,巴西,Fabinho,Fabinho Yellow Card,ESPN
2026-06-24_苏格兰_vs_巴西,760465,2026-06-24,89',Yellow Card,苏格兰,Ryan Christie,Ryan Christie Yellow Card,ESPN
2026-06-24_苏格兰_vs_巴西,760465,2026-06-24,90'+1',Substitution,苏格兰,Findlay Curtis,Findlay Curtis Substitution,ESPN
2026-06-24_苏格兰_vs_巴西,760465,2026-06-24,90'+1',Substitution,苏格兰,Ché Adams,Ché Adams Substitution,ESPN
2026-06-25_南非_vs_韩国,760466,2026-06-25,45',Substitution,韩国,Son Heung-Min,Son Heung-Min Substitution,ESPN
2026-06-25_南非_vs_韩国,760466,2026-06-25,45',Substitution,韩国,Kim Jin-Gyu,Kim Jin-Gyu Substitution,ESPN
2026-06-25_南非_vs_韩国,760466,2026-06-25,45',Substitution,韩国,Jens Castrop,Jens Castrop Substitution,ESPN
2026-06-25_南非_vs_韩国,760466,2026-06-25,62',Substitution,南非,Tshepang Moremi,Tshepang Moremi Substitution,ESPN
2026-06-25_南非_vs_韩国,760466,2026-06-25,63',Goal,南非,Thapelo Maseko,Thapelo Maseko Goal,ESPN
2026-06-25_南非_vs_韩国,760466,2026-06-25,65',Substitution,韩国,Park Jin-Seop,Park Jin-Seop Substitution,ESPN
2026-06-25_南非_vs_韩国,760466,2026-06-25,73',Yellow Card,南非,Aubrey Modiba,Aubrey Modiba Yellow Card,ESPN
2026-06-25_南非_vs_韩国,760466,2026-06-25,74',Substitution,韩国,Cho Gue-Sung,Cho Gue-Sung Substitution,ESPN
2026-06-25_南非_vs_韩国,760466,2026-06-25,75',Substitution,南非,Iqraam Rayners,Iqraam Rayners Substitution,ESPN
2026-06-25_南非_vs_韩国,760466,2026-06-25,79',Yellow Card,韩国,Cho Gue-Sung,Cho Gue-Sung Yellow Card,ESPN
2026-06-25_南非_vs_韩国,760466,2026-06-25,80',Substitution,南非,Jayden Adams,Jayden Adams Substitution,ESPN
2026-06-25_捷克_vs_墨西哥,760467,2026-06-25,55',Goal,墨西哥,Mateo Chávez,Mateo Chávez Goal,ESPN
2026-06-25_捷克_vs_墨西哥,760467,2026-06-25,56',Substitution,捷克,Lukás Provod,Lukás Provod Substitution,ESPN
2026-06-25_捷克_vs_墨西哥,760467,2026-06-25,61',Goal,墨西哥,Julián Quiñones,Julián Quiñones Goal,ESPN
2026-06-25_捷克_vs_墨西哥,760467,2026-06-25,63',Substitution,墨西哥,Santiago Gimenez,Santiago Gimenez Substitution,ESPN
2026-06-25_捷克_vs_墨西哥,760467,2026-06-25,63',Substitution,墨西哥,Obed Vargas,Obed Vargas Substitution,ESPN
2026-06-25_捷克_vs_墨西哥,760467,2026-06-25,64',Yellow Card,墨西哥,Edson Álvarez,Edson Álvarez Yellow Card,ESPN
2026-06-25_捷克_vs_墨西哥,760467,2026-06-25,64',Substitution,捷克,Patrik Schick,Patrik Schick Substitution,ESPN
2026-06-25_捷克_vs_墨西哥,760467,2026-06-25,64',Substitution,捷克,Tomás Soucek,Tomás Soucek Substitution,ESPN
2026-06-25_捷克_vs_墨西哥,760467,2026-06-25,72',Substitution,墨西哥,Álvaro Fidalgo,Álvaro Fidalgo Substitution,ESPN
2026-06-25_捷克_vs_墨西哥,760467,2026-06-25,78',Substitution,墨西哥,Guillermo Ochoa,Guillermo Ochoa Substitution,ESPN
2026-06-25_捷克_vs_墨西哥,760467,2026-06-25,78',Substitution,墨西哥,Jesús Gallardo,Jesús Gallardo Substitution,ESPN
2026-06-25_捷克_vs_墨西哥,760467,2026-06-25,87',Substitution,捷克,Tomás Chorý,Tomás Chorý Substitution,ESPN
2026-06-25_捷克_vs_墨西哥,760467,2026-06-25,87',Substitution,捷克,Alexandr Sojka,Alexandr Sojka Substitution,ESPN
2026-06-25_捷克_vs_墨西哥,760467,2026-06-25,90'+4',Goal,墨西哥,Álvaro Fidalgo,Álvaro Fidalgo Goal,ESPN
2026-06-25_厄瓜多尔_vs_德国,760468,2026-06-25,2',Goal,德国,Leroy Sané,Leroy Sané Goal,ESPN
2026-06-25_厄瓜多尔_vs_德国,760468,2026-06-25,9',Goal,厄瓜多尔,Nilson Angulo,Nilson Angulo Goal,ESPN
2026-06-25_厄瓜多尔_vs_德国,760468,2026-06-25,43',Yellow Card,厄瓜多尔,Piero Hincapié,Piero Hincapié Yellow Card,ESPN
2026-06-25_厄瓜多尔_vs_德国,760468,2026-06-25,44',Yellow Card,德国,Aleksandar Pavlovic,Aleksandar Pavlovic Yellow Card,ESPN
2026-06-25_厄瓜多尔_vs_德国,760468,2026-06-25,45',Substitution,德国,Angelo Stiller,Angelo Stiller Substitution,ESPN
2026-06-25_厄瓜多尔_vs_德国,760468,2026-06-25,50',Yellow Card,厄瓜多尔,Alan Franco,Alan Franco Yellow Card,ESPN
2026-06-25_厄瓜多尔_vs_德国,760468,2026-06-25,60',Substitution,德国,Deniz Undav,Deniz Undav Substitution,ESPN
2026-06-25_厄瓜多尔_vs_德国,760468,2026-06-25,60',Substitution,德国,Malick Thiaw,Malick Thiaw Substitution,ESPN
2026-06-25_厄瓜多尔_vs_德国,760468,2026-06-25,64',Substitution,厄瓜多尔,Kevin Rodríguez,Kevin Rodríguez Substitution,ESPN
2026-06-25_厄瓜多尔_vs_德国,760468,2026-06-25,64',Substitution,厄瓜多尔,Ángelo Preciado,Ángelo Preciado Substitution,ESPN
2026-06-25_厄瓜多尔_vs_德国,760468,2026-06-25,64',Substitution,德国,Maximilian Beier,Maximilian Beier Substitution,ESPN
2026-06-25_厄瓜多尔_vs_德国,760468,2026-06-25,71',Substitution,厄瓜多尔,Pervis Estupiñán,Pervis Estupiñán Substitution,ESPN
2026-06-25_厄瓜多尔_vs_德国,760468,2026-06-25,73',Substitution,德国,Pascal Gross,Pascal Gross Substitution,ESPN
2026-06-25_厄瓜多尔_vs_德国,760468,2026-06-25,77',Goal,厄瓜多尔,Gonzalo Plata,Gonzalo Plata Goal,ESPN
2026-06-25_厄瓜多尔_vs_德国,760468,2026-06-25,85',Substitution,厄瓜多尔,Félix Torres,Félix Torres Substitution,ESPN
2026-06-25_厄瓜多尔_vs_德国,760468,2026-06-25,85',Substitution,厄瓜多尔,Jordy Caicedo,Jordy Caicedo Substitution,ESPN
2026-06-25_厄瓜多尔_vs_德国,760468,2026-06-25,89',Yellow Card,厄瓜多尔,Gonzalo Plata,Gonzalo Plata Yellow Card,ESPN
2026-06-26_巴拉圭_vs_澳大利亚,760469,2026-06-26,45',Substitution,巴拉圭,Maurício,Maurício Substitution,ESPN
2026-06-26_巴拉圭_vs_澳大利亚,760469,2026-06-26,46',Yellow Card,澳大利亚,Jackson Irvine,Jackson Irvine Yellow Card,ESPN
2026-06-26_巴拉圭_vs_澳大利亚,760469,2026-06-26,58',Substitution,澳大利亚,Ajdin Hrustic,Ajdin Hrustic Substitution,ESPN
2026-06-26_巴拉圭_vs_澳大利亚,760469,2026-06-26,67',Substitution,巴拉圭,Alex Arce,Alex Arce Substitution,ESPN
2026-06-26_巴拉圭_vs_澳大利亚,760469,2026-06-26,77',Yellow Card,巴拉圭,Diego Gómez,Diego Gómez Yellow Card,ESPN
2026-06-26_巴拉圭_vs_澳大利亚,760469,2026-06-26,84',Substitution,巴拉圭,José Canale,José Canale Substitution,ESPN
2026-06-26_巴拉圭_vs_澳大利亚,760469,2026-06-26,84',Substitution,澳大利亚,Paul Okon-Engstler,Paul Okon-Engstler Substitution,ESPN
2026-06-26_巴拉圭_vs_澳大利亚,760469,2026-06-26,84',Substitution,澳大利亚,Tete Yengi,Tete Yengi Substitution,ESPN
2026-06-26_巴拉圭_vs_澳大利亚,760469,2026-06-26,90'+2',Substitution,巴拉圭,Damián Bobadilla,Damián Bobadilla Substitution,ESPN
2026-06-26_巴拉圭_vs_澳大利亚,760469,2026-06-26,90'+2',Substitution,巴拉圭,Júnior Alonso,Júnior Alonso Substitution,ESPN
2026-06-26_土耳其_vs_美国,760470,2026-06-26,3',Goal,美国,Auston Trusty,Auston Trusty Goal,ESPN
2026-06-26_土耳其_vs_美国,760470,2026-06-26,10',Goal,土耳其,Arda Güler,Arda Güler Goal,ESPN
2026-06-26_土耳其_vs_美国,760470,2026-06-26,19',Yellow Card,美国,Sebastian Berhalter,Sebastian Berhalter Yellow Card,ESPN
2026-06-26_土耳其_vs_美国,760470,2026-06-26,31',Goal,土耳其,Baris Alper Yilmaz,Baris Alper Yilmaz Goal,ESPN
2026-06-26_土耳其_vs_美国,760470,2026-06-26,49',Goal,美国,Sebastian Berhalter,Sebastian Berhalter Goal,ESPN
2026-06-26_土耳其_vs_美国,760470,2026-06-26,58',Substitution,美国,Christian Pulisic,Christian Pulisic Substitution,ESPN
2026-06-26_土耳其_vs_美国,760470,2026-06-26,76',Substitution,美国,Sergiño Dest,Sergiño Dest Substitution,ESPN
2026-06-26_土耳其_vs_美国,760470,2026-06-26,77',Substitution,美国,Alejandro Zendejas,Alejandro Zendejas Substitution,ESPN
2026-06-26_土耳其_vs_美国,760470,2026-06-26,77',Substitution,美国,Alex Freeman,Alex Freeman Substitution,ESPN
2026-06-26_土耳其_vs_美国,760470,2026-06-26,84',Substitution,土耳其,Çaglar Söyüncü,Çaglar Söyüncü Substitution,ESPN
2026-06-26_土耳其_vs_美国,760470,2026-06-26,84',Substitution,土耳其,Can Uzun,Can Uzun Substitution,ESPN
2026-06-26_土耳其_vs_美国,760470,2026-06-26,86',Substitution,美国,Malik Tillman,Malik Tillman Substitution,ESPN
2026-06-26_土耳其_vs_美国,760470,2026-06-26,88',Substitution,土耳其,Kaan Ayhan,Kaan Ayhan Substitution,ESPN
2026-06-26_土耳其_vs_美国,760470,2026-06-26,90'+2',Substitution,土耳其,Mert Müldür,Mert Müldür Substitution,ESPN
2026-06-26_土耳其_vs_美国,760470,2026-06-26,90'+2',Substitution,土耳其,Irfan Can Kahveci,Irfan Can Kahveci Substitution,ESPN
2026-06-26_土耳其_vs_美国,760470,2026-06-26,90'+8',Goal,土耳其,Kaan Ayhan,Kaan Ayhan Goal,ESPN
2026-06-25_日本_vs_瑞典,760471,2026-06-25,32',Yellow Card,瑞典,Isak Hien,Isak Hien Yellow Card,ESPN
2026-06-25_日本_vs_瑞典,760471,2026-06-25,37',Substitution,瑞典,Lucas Bergvall,Lucas Bergvall Substitution,ESPN
2026-06-25_日本_vs_瑞典,760471,2026-06-25,39',Substitution,日本,Shogo Taniguchi,Shogo Taniguchi Substitution,ESPN
2026-06-25_日本_vs_瑞典,760471,2026-06-25,56',Goal,日本,Daizen Maeda,Daizen Maeda Goal,ESPN
2026-06-25_日本_vs_瑞典,760471,2026-06-25,62',Goal,瑞典,Anthony Elanga,Anthony Elanga Goal,ESPN
2026-06-25_日本_vs_瑞典,760471,2026-06-25,66',Substitution,日本,Koki Ogawa,Koki Ogawa Substitution,ESPN
2026-06-25_日本_vs_瑞典,760471,2026-06-25,67',Substitution,日本,Junya Ito,Junya Ito Substitution,ESPN
2026-06-25_日本_vs_瑞典,760471,2026-06-25,75',Substitution,瑞典,Daniel Svensson,Daniel Svensson Substitution,ESPN
2026-06-25_日本_vs_瑞典,760471,2026-06-25,75',Substitution,瑞典,Ken Sema,Ken Sema Substitution,ESPN
2026-06-25_日本_vs_瑞典,760471,2026-06-25,75',Substitution,日本,Yuto Nagatomo,Yuto Nagatomo Substitution,ESPN
2026-06-25_日本_vs_瑞典,760471,2026-06-25,75',Substitution,日本,Tsuyoshi Watanabe,Tsuyoshi Watanabe Substitution,ESPN
2026-06-25_日本_vs_瑞典,760471,2026-06-25,77',Yellow Card,日本,Shogo Taniguchi,Shogo Taniguchi Yellow Card,ESPN
2026-06-25_日本_vs_瑞典,760471,2026-06-25,85',Yellow Card,瑞典,Viktor Gyökeres,Viktor Gyökeres Yellow Card,ESPN
2026-06-25_日本_vs_瑞典,760471,2026-06-25,87',Substitution,瑞典,Carl Starfelt,Carl Starfelt Substitution,ESPN
2026-06-25_日本_vs_瑞典,760471,2026-06-25,88',Substitution,瑞典,Benjamin Nygren,Benjamin Nygren Substitution,ESPN
2026-06-25_突尼斯_vs_荷兰,760472,2026-06-25,3',Own Goal,荷兰,Ellyes Skhiri,Ellyes Skhiri Own Goal,ESPN
2026-06-25_突尼斯_vs_荷兰,760472,2026-06-25,7',Goal,荷兰,Brian Brobbey,Brian Brobbey Goal,ESPN
2026-06-25_突尼斯_vs_荷兰,760472,2026-06-25,54',Goal - Header,突尼斯,Hazem Mastouri,Hazem Mastouri Goal - Header,ESPN
2026-06-25_突尼斯_vs_荷兰,760472,2026-06-25,62',Goal - Header,荷兰,Jan Paul van Hecke,Jan Paul van Hecke Goal - Header,ESPN
2026-06-25_突尼斯_vs_荷兰,760472,2026-06-25,67',Substitution,突尼斯,Mohamed Hadj Mahmoud,Mohamed Hadj Mahmoud Substitutio,ESPN
2026-06-25_突尼斯_vs_荷兰,760472,2026-06-25,68',Substitution,突尼斯,Elias Achouri,Elias Achouri Substitution,ESPN
2026-06-25_突尼斯_vs_荷兰,760472,2026-06-25,68',Substitution,突尼斯,Mortadha Ben Ouanes,Mortadha Ben Ouanes Substitution,ESPN
2026-06-25_突尼斯_vs_荷兰,760472,2026-06-25,72',Substitution,荷兰,Teun Koopmeiners,Teun Koopmeiners Substitution,ESPN
2026-06-25_突尼斯_vs_荷兰,760472,2026-06-25,72',Substitution,荷兰,Justin Kluivert,Justin Kluivert Substitution,ESPN
2026-06-25_突尼斯_vs_荷兰,760472,2026-06-25,72',Substitution,荷兰,Crysencio Summerville,Crysencio Summerville Substituti,ESPN
2026-06-25_突尼斯_vs_荷兰,760472,2026-06-25,75',Substitution,突尼斯,Firas Chaouat,Firas Chaouat Substitution,ESPN
2026-06-25_突尼斯_vs_荷兰,760472,2026-06-25,77',Substitution,荷兰,Memphis Depay,Memphis Depay Substitution,ESPN
2026-06-25_突尼斯_vs_荷兰,760472,2026-06-25,84',Substitution,荷兰,Noa Lang,Noa Lang Substitution,ESPN
2026-06-25_突尼斯_vs_荷兰,760472,2026-06-25,90',Substitution,突尼斯,Sebastian Tounekti,Sebastian Tounekti Substitution,ESPN
2026-06-25_库拉索_vs_科特迪瓦,760473,2026-06-25,7',Goal,科特迪瓦,Nicolas Pépé,Nicolas Pépé Goal,ESPN
2026-06-25_库拉索_vs_科特迪瓦,760473,2026-06-25,35',Yellow Card,科特迪瓦,Nicolas Pépé,Nicolas Pépé Yellow Card,ESPN
2026-06-25_库拉索_vs_科特迪瓦,760473,2026-06-25,45',Substitution,科特迪瓦,Christ Inao Oulaï,Christ Inao Oulaï Substitution,ESPN
2026-06-25_库拉索_vs_科特迪瓦,760473,2026-06-25,61',Substitution,库拉索,Jeremy Antonisse,Jeremy Antonisse Substitution,ESPN
2026-06-25_库拉索_vs_科特迪瓦,760473,2026-06-25,64',Goal,科特迪瓦,Nicolas Pépé,Nicolas Pépé Goal,ESPN
2026-06-25_库拉索_vs_科特迪瓦,760473,2026-06-25,67',Substitution,科特迪瓦,Oumar Diakité,Oumar Diakité Substitution,ESPN
2026-06-25_库拉索_vs_科特迪瓦,760473,2026-06-25,67',Substitution,科特迪瓦,Elye Wahi,Elye Wahi Substitution,ESPN
2026-06-25_库拉索_vs_科特迪瓦,760473,2026-06-25,67',Substitution,科特迪瓦,Bazoumana Touré,Bazoumana Touré Substitution,ESPN
2026-06-25_库拉索_vs_科特迪瓦,760473,2026-06-25,75',Yellow Card,库拉索,Juninho Bacuna,Juninho Bacuna Yellow Card,ESPN
2026-06-25_库拉索_vs_科特迪瓦,760473,2026-06-25,77',Substitution,库拉索,Gervane Kastaneer,Gervane Kastaneer Substitution,ESPN
2026-06-25_库拉索_vs_科特迪瓦,760473,2026-06-25,77',Substitution,库拉索,Tyrese Noslin,Tyrese Noslin Substitution,ESPN
2026-06-25_库拉索_vs_科特迪瓦,760473,2026-06-25,77',Substitution,科特迪瓦,Jean Michaël Seri,Jean Michaël Seri Substitution,ESPN
2026-06-25_库拉索_vs_科特迪瓦,760473,2026-06-25,83',Yellow Card,库拉索,Gervane Kastaneer,Gervane Kastaneer Yellow Card,ESPN
2026-06-25_库拉索_vs_科特迪瓦,760473,2026-06-25,90',Substitution,库拉索,Shurandy Sambo,Shurandy Sambo Substitution,ESPN
2026-06-25_库拉索_vs_科特迪瓦,760473,2026-06-25,90',Substitution,库拉索,Brandley Kuwas,Brandley Kuwas Substitution,ESPN
2026-06-26_塞内加尔_vs_伊拉克,760474,2026-06-26,4',Goal,塞内加尔,Habib Diarra,Habib Diarra Goal,ESPN
2026-06-26_塞内加尔_vs_伊拉克,760474,2026-06-26,13',Red Card,伊拉克,Rebin Sulaka,Rebin Sulaka Red Card,ESPN
2026-06-26_塞内加尔_vs_伊拉克,760474,2026-06-26,16',Substitution,伊拉克,Munaf Younus,Munaf Younus Substitution,ESPN
2026-06-26_塞内加尔_vs_伊拉克,760474,2026-06-26,18',Yellow Card,塞内加尔,Abdoulaye Seck,Abdoulaye Seck Yellow Card,ESPN
2026-06-26_塞内加尔_vs_伊拉克,760474,2026-06-26,45',Substitution,伊拉克,Jalal Hassan,Jalal Hassan Substitution,ESPN
2026-06-26_塞内加尔_vs_伊拉克,760474,2026-06-26,56',Goal,塞内加尔,Ismaïla Sarr,Ismaïla Sarr Goal,ESPN
2026-06-26_塞内加尔_vs_伊拉克,760474,2026-06-26,57',Substitution,塞内加尔,Iliman Ndiaye,Iliman Ndiaye Substitution,ESPN
2026-06-26_塞内加尔_vs_伊拉克,760474,2026-06-26,57',Substitution,塞内加尔,Nicolas Jackson,Nicolas Jackson Substitution,ESPN
2026-06-26_塞内加尔_vs_伊拉克,760474,2026-06-26,57',Substitution,塞内加尔,Pape Gueye,Pape Gueye Substitution,ESPN
2026-06-26_塞内加尔_vs_伊拉克,760474,2026-06-26,58',Substitution,伊拉克,Ahmed Maknazi,Ahmed Maknazi Substitution,ESPN
2026-06-26_塞内加尔_vs_伊拉克,760474,2026-06-26,58',Substitution,伊拉克,Ali Yousif,Ali Yousif Substitution,ESPN
2026-06-26_塞内加尔_vs_伊拉克,760474,2026-06-26,58',Substitution,塞内加尔,Pathé Ciss,Pathé Ciss Substitution,ESPN
2026-06-26_塞内加尔_vs_伊拉克,760474,2026-06-26,59',Goal,塞内加尔,Pape Gueye,Pape Gueye Goal,ESPN
2026-06-26_塞内加尔_vs_伊拉克,760474,2026-06-26,67',Substitution,伊拉克,Kevin Yakob,Kevin Yakob Substitution,ESPN
2026-06-26_塞内加尔_vs_伊拉克,760474,2026-06-26,71',Goal,塞内加尔,Pape Gueye,Pape Gueye Goal,ESPN
2026-06-26_塞内加尔_vs_伊拉克,760474,2026-06-26,75',Yellow Card,伊拉克,Amir Al-Ammari,Amir Al-Ammari Yellow Card,ESPN
2026-06-26_塞内加尔_vs_伊拉克,760474,2026-06-26,81',Substitution,塞内加尔,Assane Diao,Assane Diao Substitution,ESPN
2026-06-26_塞内加尔_vs_伊拉克,760474,2026-06-26,81',Yellow Card,塞内加尔,Pape Gueye,Pape Gueye Yellow Card,ESPN
2026-06-26_塞内加尔_vs_伊拉克,760474,2026-06-26,82',Goal,塞内加尔,Iliman Ndiaye,Iliman Ndiaye Goal,ESPN
2026-06-26_塞内加尔_vs_伊拉克,760474,2026-06-26,90',Yellow Card,伊拉克,Merchas Doski,Merchas Doski Yellow Card,ESPN
2026-06-26_挪威_vs_法国,760475,2026-06-26,7',Goal,法国,Ousmane Dembélé,Ousmane Dembélé Goal,ESPN
2026-06-26_挪威_vs_法国,760475,2026-06-26,10',Yellow Card,挪威,Patrick Berg,Patrick Berg Yellow Card,ESPN
2026-06-26_挪威_vs_法国,760475,2026-06-26,20',Goal,法国,Ousmane Dembélé,Ousmane Dembélé Goal,ESPN
2026-06-26_挪威_vs_法国,760475,2026-06-26,21',Goal,挪威,Thelo Aasgaard,Thelo Aasgaard Goal,ESPN
2026-06-26_挪威_vs_法国,760475,2026-06-26,32',Goal,法国,Ousmane Dembélé,Ousmane Dembélé Goal,ESPN
2026-06-26_挪威_vs_法国,760475,2026-06-26,45',Substitution,挪威,Morten Thorsby,Morten Thorsby Substitution,ESPN
2026-06-26_挪威_vs_法国,760475,2026-06-26,45',Substitution,挪威,Marcus Holmgren Pedersen,Marcus Holmgren Pedersen Substit,ESPN
2026-06-26_挪威_vs_法国,760475,2026-06-26,50',Penalty - Saved,挪威,Jørgen Strand Larsen,Jørgen Strand Larsen Penalty - S,ESPN
2026-06-26_挪威_vs_法国,760475,2026-06-26,65',Substitution,法国,Rayan Cherki,Rayan Cherki Substitution,ESPN
2026-06-26_挪威_vs_法国,760475,2026-06-26,65',Substitution,法国,Bradley Barcola,Bradley Barcola Substitution,ESPN
2026-06-26_挪威_vs_法国,760475,2026-06-26,66',Substitution,挪威,Sondre Langas,Sondre Langas Substitution,ESPN
2026-06-26_挪威_vs_法国,760475,2026-06-26,74',Yellow Card,法国,Aurélien Tchouaméni,Aurélien Tchouaméni Yellow Card,ESPN
2026-06-26_挪威_vs_法国,760475,2026-06-26,76',Substitution,法国,Ibrahima Konaté,Ibrahima Konaté Substitution,ESPN
2026-06-26_挪威_vs_法国,760475,2026-06-26,83',Substitution,挪威,Antonio Nusa,Antonio Nusa Substitution,ESPN
2026-06-26_挪威_vs_法国,760475,2026-06-26,83',Substitution,挪威,Jens Petter Hauge,Jens Petter Hauge Substitution,ESPN
2026-06-26_挪威_vs_法国,760475,2026-06-26,87',Substitution,法国,Malo Gusto,Malo Gusto Substitution,ESPN
2026-06-26_挪威_vs_法国,760475,2026-06-26,87',Substitution,法国,Jean-Philippe Mateta,Jean-Philippe Mateta Substitutio,ESPN
2026-06-26_挪威_vs_法国,760475,2026-06-26,90'+4',Goal - Header,法国,Désiré Doué,Désiré Doué Goal - Header,ESPN
2026-06-27_埃及_vs_伊朗,760476,2026-06-27,5',Goal - Volley,埃及,Mahmoud Saber,Mahmoud Saber Goal - Volley,ESPN
2026-06-27_埃及_vs_伊朗,760476,2026-06-27,11',Penalty - Saved,伊朗,Mehdi Taremi,Mehdi Taremi Penalty - Saved,ESPN
2026-06-27_埃及_vs_伊朗,760476,2026-06-27,14',Goal,伊朗,Ramin Rezaeian,Ramin Rezaeian Goal,ESPN
2026-06-27_埃及_vs_伊朗,760476,2026-06-27,14',Substitution,埃及,Yasser Ibrahim,Yasser Ibrahim Substitution,ESPN
2026-06-27_埃及_vs_伊朗,760476,2026-06-27,19',Yellow Card,伊朗,Hossein Kanani,Hossein Kanani Yellow Card,ESPN
2026-06-27_埃及_vs_伊朗,760476,2026-06-27,20',Yellow Card,埃及,Mahmoud Saber,Mahmoud Saber Yellow Card,ESPN
2026-06-27_埃及_vs_伊朗,760476,2026-06-27,42',Yellow Card,埃及,Yasser Ibrahim,Yasser Ibrahim Yellow Card,ESPN
2026-06-27_埃及_vs_伊朗,760476,2026-06-27,43',Yellow Card,伊朗,Ali Nemati,Ali Nemati Yellow Card,ESPN
2026-06-27_埃及_vs_伊朗,760476,2026-06-27,45',Substitution,伊朗,Saleh Hardani,Saleh Hardani Substitution,ESPN
2026-06-27_埃及_vs_伊朗,760476,2026-06-27,45',Substitution,埃及,Marawan Attia,Marawan Attia Substitution,ESPN
2026-06-27_埃及_vs_伊朗,760476,2026-06-27,45',Substitution,埃及,Omar Marmoush,Omar Marmoush Substitution,ESPN
2026-06-27_埃及_vs_伊朗,760476,2026-06-27,57',Substitution,埃及,Zizo,Zizo Substitution,ESPN
2026-06-27_埃及_vs_伊朗,760476,2026-06-27,67',Substitution,伊朗,Shahriyar Moghanloo,Shahriyar Moghanloo Substitution,ESPN
2026-06-27_埃及_vs_伊朗,760476,2026-06-27,76',Substitution,埃及,Hamza Abdelkarim,Hamza Abdelkarim Substitution,ESPN
2026-06-27_埃及_vs_伊朗,760476,2026-06-27,79',Yellow Card,伊朗,Saeid Ezatolahi,Saeid Ezatolahi Yellow Card,ESPN
2026-06-27_埃及_vs_伊朗,760476,2026-06-27,90'+1',Substitution,伊朗,Alireza Jahanbakhsh,Alireza Jahanbakhsh Substitution,ESPN
2026-06-27_埃及_vs_伊朗,760476,2026-06-27,90'+2',Yellow Card,埃及,Mohanad Lashin,Mohanad Lashin Yellow Card,ESPN
2026-06-27_埃及_vs_伊朗,760476,2026-06-27,90'+4',Yellow Card,伊朗,Shoja Khalilzadeh,Shoja Khalilzadeh Yellow Card,ESPN
2026-06-27_新西兰_vs_比利时,760477,2026-06-27,28',Goal,比利时,Leandro Trossard,Leandro Trossard Goal,ESPN
2026-06-27_新西兰_vs_比利时,760477,2026-06-27,45',Substitution,新西兰,Ben Old,Ben Old Substitution,ESPN
2026-06-27_新西兰_vs_比利时,760477,2026-06-27,45',Substitution,新西兰,Jesse Randall,Jesse Randall Substitution,ESPN
2026-06-27_新西兰_vs_比利时,760477,2026-06-27,46',Yellow Card,新西兰,Marko Stamenic,Marko Stamenic Yellow Card,ESPN
2026-06-27_新西兰_vs_比利时,760477,2026-06-27,50',Goal,比利时,Leandro Trossard,Leandro Trossard Goal,ESPN
2026-06-27_新西兰_vs_比利时,760477,2026-06-27,56',Yellow Card,新西兰,Elijah Just,Elijah Just Yellow Card,ESPN
2026-06-27_新西兰_vs_比利时,760477,2026-06-27,56',Substitution,比利时,Matias Fernandez-Pardo,Matias Fernandez-Pardo Substitut,ESPN
2026-06-27_新西兰_vs_比利时,760477,2026-06-27,64',Substitution,新西兰,Michael Boxall,Michael Boxall Substitution,ESPN
2026-06-27_新西兰_vs_比利时,760477,2026-06-27,64',Substitution,新西兰,Callum McCowatt,Callum McCowatt Substitution,ESPN
2026-06-27_新西兰_vs_比利时,760477,2026-06-27,66',Goal,比利时,Kevin De Bruyne,Kevin De Bruyne Goal,ESPN
2026-06-27_新西兰_vs_比利时,760477,2026-06-27,72',Substitution,比利时,Alexis Saelemaekers,Alexis Saelemaekers Substitution,ESPN
2026-06-27_新西兰_vs_比利时,760477,2026-06-27,72',Substitution,比利时,Amadou Onana,Amadou Onana Substitution,ESPN
2026-06-27_新西兰_vs_比利时,760477,2026-06-27,79',Substitution,新西兰,Francis de Vries,Francis de Vries Substitution,ESPN
2026-06-27_新西兰_vs_比利时,760477,2026-06-27,84',Goal,新西兰,Elijah Just,Elijah Just Goal,ESPN
2026-06-27_新西兰_vs_比利时,760477,2026-06-27,85',Substitution,比利时,Romelu Lukaku,Romelu Lukaku Substitution,ESPN
2026-06-27_新西兰_vs_比利时,760477,2026-06-27,85',Substitution,比利时,Nicolas Raskin,Nicolas Raskin Substitution,ESPN
2026-06-27_新西兰_vs_比利时,760477,2026-06-27,86',Goal - Header,比利时,Romelu Lukaku,Romelu Lukaku Goal - Header,ESPN
2026-06-27_新西兰_vs_比利时,760477,2026-06-27,90'+4',Goal,比利时,Alexis Saelemaekers,Alexis Saelemaekers Goal,ESPN
2026-06-27_佛得角_vs_沙特,760478,2026-06-27,4',Yellow Card,沙特,Saud Abdulhamid,Saud Abdulhamid Yellow Card,ESPN
2026-06-27_佛得角_vs_沙特,760478,2026-06-27,8',Yellow Card,佛得角,Wagner Pina,Wagner Pina Yellow Card,ESPN
2026-06-27_佛得角_vs_沙特,760478,2026-06-27,33',Substitution,沙特,Ali Lajami,Ali Lajami Substitution,ESPN
2026-06-27_佛得角_vs_沙特,760478,2026-06-27,45',Substitution,沙特,Musab Al-Juwayr,Musab Al-Juwayr Substitution,ESPN
2026-06-27_佛得角_vs_沙特,760478,2026-06-27,61',Substitution,佛得角,Nuno da Costa,Nuno da Costa Substitution,ESPN
2026-06-27_佛得角_vs_沙特,760478,2026-06-27,61',Substitution,佛得角,Hélio Varela,Hélio Varela Substitution,ESPN
2026-06-27_佛得角_vs_沙特,760478,2026-06-27,66',Substitution,沙特,Mohammed Abu Al-Shamat,Mohammed Abu Al-Shamat Substitut,ESPN
2026-06-27_佛得角_vs_沙特,760478,2026-06-27,66',Substitution,沙特,Abdullah Al-Hamdan,Abdullah Al-Hamdan Substitution,ESPN
2026-06-27_佛得角_vs_沙特,760478,2026-06-27,67',Yellow Card,沙特,Nasser Al-Dawsari,Nasser Al-Dawsari Yellow Card,ESPN
2026-06-27_佛得角_vs_沙特,760478,2026-06-27,71',Substitution,佛得角,Laros Duarte,Laros Duarte Substitution,ESPN
2026-06-27_佛得角_vs_沙特,760478,2026-06-27,71',Substitution,佛得角,Garry Rodrigues,Garry Rodrigues Substitution,ESPN
2026-06-27_佛得角_vs_沙特,760478,2026-06-27,82',Substitution,沙特,Moteb Al-Harbi,Moteb Al-Harbi Substitution,ESPN
2026-06-27_佛得角_vs_沙特,760478,2026-06-27,90'+3',Yellow Card,沙特,Feras Al-Brikan,Feras Al-Brikan Yellow Card,ESPN
2026-06-27_佛得角_vs_沙特,760478,2026-06-27,90'+4',Substitution,佛得角,Steven Moreira,Steven Moreira Substitution,ESPN
2026-06-27_乌拉圭_vs_西班牙,760479,2026-06-27,42',Goal,西班牙,Álex Baena,Álex Baena Goal,ESPN
2026-06-27_乌拉圭_vs_西班牙,760479,2026-06-27,45',Substitution,乌拉圭,Nicolás de la Cruz,Nicolás de la Cruz Substitution,ESPN
2026-06-27_乌拉圭_vs_西班牙,760479,2026-06-27,45',Substitution,乌拉圭,Sergio Rochet,Sergio Rochet Substitution,ESPN
2026-06-27_乌拉圭_vs_西班牙,760479,2026-06-27,46',Yellow Card,西班牙,Álex Baena,Álex Baena Yellow Card,ESPN
2026-06-27_乌拉圭_vs_西班牙,760479,2026-06-27,54',Yellow Card,乌拉圭,Juan Manuel Sanabria,Juan Manuel Sanabria Yellow Card,ESPN
2026-06-27_乌拉圭_vs_西班牙,760479,2026-06-27,57',Substitution,乌拉圭,Federico Viñas,Federico Viñas Substitution,ESPN
2026-06-27_乌拉圭_vs_西班牙,760479,2026-06-27,58',Yellow Card,乌拉圭,Guillermo Varela,Guillermo Varela Yellow Card,ESPN
2026-06-27_乌拉圭_vs_西班牙,760479,2026-06-27,60',Substitution,西班牙,Fabián Ruiz,Fabián Ruiz Substitution,ESPN
2026-06-27_乌拉圭_vs_西班牙,760479,2026-06-27,60',Substitution,西班牙,Dani Olmo,Dani Olmo Substitution,ESPN
2026-06-27_乌拉圭_vs_西班牙,760479,2026-06-27,66',Substitution,西班牙,Yéremy Pino,Yéremy Pino Substitution,ESPN
2026-06-27_乌拉圭_vs_西班牙,760479,2026-06-27,70',Substitution,乌拉圭,Brian Rodríguez,Brian Rodríguez Substitution,ESPN
2026-06-27_乌拉圭_vs_西班牙,760479,2026-06-27,76',Substitution,西班牙,Nico Williams,Nico Williams Substitution,ESPN
2026-06-27_乌拉圭_vs_西班牙,760479,2026-06-27,76',Substitution,西班牙,Ferran Torres,Ferran Torres Substitution,ESPN
2026-06-27_乌拉圭_vs_西班牙,760479,2026-06-27,90'+3',Yellow Card,乌拉圭,Nicolás de la Cruz,Nicolás de la Cruz Yellow Card,ESPN
2026-06-27_乌拉圭_vs_西班牙,760479,2026-06-27,90'+5',Red Card,乌拉圭,Agustín Canobbio,Agustín Canobbio Red Card,ESPN
2026-06-27_克罗地亚_vs_加纳,760480,2026-06-27,31',Goal,克罗地亚,Petar Sucic,Petar Sucic Goal,ESPN
2026-06-27_克罗地亚_vs_加纳,760480,2026-06-27,45',Substitution,加纳,Kojo Peprah Oppong,Kojo Peprah Oppong Substitution,ESPN
2026-06-27_克罗地亚_vs_加纳,760480,2026-06-27,45',Substitution,加纳,Fatawu Issahaku,Fatawu Issahaku Substitution,ESPN
2026-06-27_克罗地亚_vs_加纳,760480,2026-06-27,66',Substitution,克罗地亚,Igor Matanovic,Igor Matanovic Substitution,ESPN
2026-06-27_克罗地亚_vs_加纳,760480,2026-06-27,68',Yellow Card,克罗地亚,Ivan Perisic,Ivan Perisic Yellow Card,ESPN
2026-06-27_克罗地亚_vs_加纳,760480,2026-06-27,71',Substitution,加纳,Brandon Thomas-Asante,Brandon Thomas-Asante Substituti,ESPN
2026-06-27_克罗地亚_vs_加纳,760480,2026-06-27,71',Substitution,加纳,Ernest Nuamah,Ernest Nuamah Substitution,ESPN
2026-06-27_克罗地亚_vs_加纳,760480,2026-06-27,73',Goal - Volley,加纳,Derrick Luckassen,Derrick Luckassen Goal - Volley,ESPN
2026-06-27_克罗地亚_vs_加纳,760480,2026-06-27,78',Substitution,克罗地亚,Mario Pasalic,Mario Pasalic Substitution,ESPN
2026-06-27_克罗地亚_vs_加纳,760480,2026-06-27,83',Goal - Header,克罗地亚,Nikola Vlasic,Nikola Vlasic Goal - Header,ESPN
2026-06-27_克罗地亚_vs_加纳,760480,2026-06-27,85',Substitution,加纳,Caleb Yirenkyi,Caleb Yirenkyi Substitution,ESPN
2026-06-27_克罗地亚_vs_加纳,760480,2026-06-27,88',Substitution,克罗地亚,Josko Gvardiol,Josko Gvardiol Substitution,ESPN
2026-06-27_克罗地亚_vs_加纳,760480,2026-06-27,88',Substitution,克罗地亚,Marco Pasalic,Marco Pasalic Substitution,ESPN
2026-06-27_克罗地亚_vs_加纳,760480,2026-06-27,90'+4',Yellow Card,加纳,Kojo Peprah Oppong,Kojo Peprah Oppong Yellow Card,ESPN
2026-06-27_哥伦比亚_vs_葡萄牙,760481,2026-06-27,45',Substitution,葡萄牙,Diogo Dalot,Diogo Dalot Substitution,ESPN
2026-06-27_哥伦比亚_vs_葡萄牙,760481,2026-06-27,45',Substitution,葡萄牙,João Neves,João Neves Substitution,ESPN
2026-06-27_哥伦比亚_vs_葡萄牙,760481,2026-06-27,60',Substitution,哥伦比亚,Richard Ríos,Richard Ríos Substitution,ESPN
2026-06-27_哥伦比亚_vs_葡萄牙,760481,2026-06-27,60',Substitution,哥伦比亚,Luis Suárez,Luis Suárez Substitution,ESPN
2026-06-27_哥伦比亚_vs_葡萄牙,760481,2026-06-27,70',Substitution,葡萄牙,Rafael Leão,Rafael Leão Substitution,ESPN
2026-06-27_哥伦比亚_vs_葡萄牙,760481,2026-06-27,70',Substitution,葡萄牙,Samú Costa,Samú Costa Substitution,ESPN
2026-06-27_哥伦比亚_vs_葡萄牙,760481,2026-06-27,76',Substitution,哥伦比亚,Kevin Castaño,Kevin Castaño Substitution,ESPN
2026-06-27_哥伦比亚_vs_葡萄牙,760481,2026-06-27,76',Substitution,哥伦比亚,Juan Fernando Quintero,Juan Fernando Quintero Substitut,ESPN
2026-06-27_哥伦比亚_vs_葡萄牙,760481,2026-06-27,86',Yellow Card,哥伦比亚,Gustavo Puerta,Gustavo Puerta Yellow Card,ESPN
2026-06-27_哥伦比亚_vs_葡萄牙,760481,2026-06-27,87',Substitution,哥伦比亚,Daniel Muñoz,Daniel Muñoz Substitution,ESPN
2026-06-27_哥伦比亚_vs_葡萄牙,760481,2026-06-27,90'+2',Substitution,葡萄牙,Matheus Nunes,Matheus Nunes Substitution,ESPN
2026-06-27_民主刚果_vs_乌兹别克斯坦,760482,2026-06-27,10',Goal - Volley,乌兹别克斯坦,Eldor Shomurodov,Eldor Shomurodov Goal - Volley,ESPN
2026-06-27_民主刚果_vs_乌兹别克斯坦,760482,2026-06-27,21',Yellow Card,民主刚果,Noah Sadiki,Noah Sadiki Yellow Card,ESPN
2026-06-27_民主刚果_vs_乌兹别克斯坦,760482,2026-06-27,43',Yellow Card,乌兹别克斯坦,Abdukodir Khusanov,Abdukodir Khusanov Yellow Card,ESPN
2026-06-27_民主刚果_vs_乌兹别克斯坦,760482,2026-06-27,45'+5',Yellow Card,民主刚果,Nathanaël Mbuku,Nathanaël Mbuku Yellow Card,ESPN
2026-06-27_民主刚果_vs_乌兹别克斯坦,760482,2026-06-27,48',Yellow Card,乌兹别克斯坦,Sherzod Nasrullaev,Sherzod Nasrullaev Yellow Card,ESPN
2026-06-27_民主刚果_vs_乌兹别克斯坦,760482,2026-06-27,51',Substitution,民主刚果,Fiston Mayele,Fiston Mayele Substitution,ESPN
2026-06-27_民主刚果_vs_乌兹别克斯坦,760482,2026-06-27,59',Substitution,乌兹别克斯坦,Odiljon Xamrobekov,Odiljon Xamrobekov Substitution,ESPN
2026-06-27_民主刚果_vs_乌兹别克斯坦,760482,2026-06-27,59',Substitution,乌兹别克斯坦,Azizjon Ganiev,Azizjon Ganiev Substitution,ESPN
2026-06-27_民主刚果_vs_乌兹别克斯坦,760482,2026-06-27,62',Yellow Card,民主刚果,Samuel Moutoussamy,Samuel Moutoussamy Yellow Card,ESPN
2026-06-27_民主刚果_vs_乌兹别克斯坦,760482,2026-06-27,68',Penalty - Scored,民主刚果,Yoane Wissa,Yoane Wissa Penalty - Scored,ESPN
2026-06-27_民主刚果_vs_乌兹别克斯坦,760482,2026-06-27,72',Substitution,民主刚果,Meschack Elia,Meschack Elia Substitution,ESPN
2026-06-27_民主刚果_vs_乌兹别克斯坦,760482,2026-06-27,72',Substitution,民主刚果,Théo Bongonda,Théo Bongonda Substitution,ESPN
2026-06-27_民主刚果_vs_乌兹别克斯坦,760482,2026-06-27,72',Substitution,民主刚果,Ngal'ayel Mukau,Ngal'ayel Mukau Substitution,ESPN
2026-06-27_民主刚果_vs_乌兹别克斯坦,760482,2026-06-27,73',Substitution,乌兹别克斯坦,Oston Urunov,Oston Urunov Substitution,ESPN
2026-06-27_民主刚果_vs_乌兹别克斯坦,760482,2026-06-27,78',Goal,民主刚果,Fiston Mayele,Fiston Mayele Goal,ESPN
2026-06-27_民主刚果_vs_乌兹别克斯坦,760482,2026-06-27,82',Substitution,乌兹别克斯坦,Jamshid Iskanderov,Jamshid Iskanderov Substitution,ESPN
2026-06-27_民主刚果_vs_乌兹别克斯坦,760482,2026-06-27,82',Substitution,乌兹别克斯坦,Igor Sergeev,Igor Sergeev Substitution,ESPN
2026-06-27_民主刚果_vs_乌兹别克斯坦,760482,2026-06-27,83',Substitution,民主刚果,Joris Kayembe,Joris Kayembe Substitution,ESPN
2026-06-27_民主刚果_vs_乌兹别克斯坦,760482,2026-06-27,90'+1',Goal,民主刚果,Yoane Wissa,Yoane Wissa Goal,ESPN
2026-06-28_约旦_vs_阿根廷,760483,2026-06-28,17',Yellow Card,约旦,Mohannad Abu Taha,Mohannad Abu Taha Yellow Card,ESPN
2026-06-28_约旦_vs_阿根廷,760483,2026-06-28,19',Goal - Free-kick,阿根廷,Giovani Lo Celso,Giovani Lo Celso Goal - Free-kic,ESPN
2026-06-28_约旦_vs_阿根廷,760483,2026-06-28,31',Penalty - Scored,阿根廷,Lautaro Martínez,Lautaro Martínez Penalty - Score,ESPN
2026-06-28_约旦_vs_阿根廷,760483,2026-06-28,45',Substitution,约旦,Mahmoud Al-Mardi,Mahmoud Al-Mardi Substitution,ESPN
2026-06-28_约旦_vs_阿根廷,760483,2026-06-28,45',Substitution,约旦,Mousa Al-Tamari,Mousa Al-Tamari Substitution,ESPN
2026-06-28_约旦_vs_阿根廷,760483,2026-06-28,55',Goal,约旦,Mousa Al-Tamari,Mousa Al-Tamari Goal,ESPN
2026-06-28_约旦_vs_阿根廷,760483,2026-06-28,60',Substitution,阿根廷,Thiago Almada,Thiago Almada Substitution,ESPN
2026-06-28_约旦_vs_阿根廷,760483,2026-06-28,60',Substitution,阿根廷,Lionel Messi,Lionel Messi Substitution,ESPN
2026-06-28_约旦_vs_阿根廷,760483,2026-06-28,61',Substitution,阿根廷,Alexis Mac Allister,Alexis Mac Allister Substitution,ESPN
2026-06-28_约旦_vs_阿根廷,760483,2026-06-28,64',Yellow Card,约旦,Yazan Al-Arab,Yazan Al-Arab Yellow Card,ESPN
2026-06-28_约旦_vs_阿根廷,760483,2026-06-28,71',Substitution,阿根廷,Valentín Barco,Valentín Barco Substitution,ESPN
2026-06-28_约旦_vs_阿根廷,760483,2026-06-28,76',Substitution,约旦,Amer Jamous,Amer Jamous Substitution,ESPN
2026-06-28_约旦_vs_阿根廷,760483,2026-06-28,80',Goal - Free-kick,阿根廷,Lionel Messi,Lionel Messi Goal - Free-kick,ESPN
2026-06-28_约旦_vs_阿根廷,760483,2026-06-28,82',Substitution,阿根廷,José Manuel López,José Manuel López Substitution,ESPN
2026-06-28_约旦_vs_阿根廷,760483,2026-06-28,90',Substitution,约旦,Mohammed Abu Zraiq,Mohammed Abu Zraiq Substitution,ESPN
2026-06-28_约旦_vs_阿根廷,760483,2026-06-28,90',Substitution,约旦,Saleem Obaid,Saleem Obaid Substitution,ESPN
2026-06-28_约旦_vs_阿根廷,760483,2026-06-28,90'+4',Yellow Card,约旦,Mohammed Abu Zraiq,Mohammed Abu Zraiq Yellow Card,ESPN
2026-06-28_阿尔及利亚_vs_奥地利,760484,2026-06-28,11',Yellow Card,奥地利,Marko Arnautovic,Marko Arnautovic Yellow Card,ESPN
2026-06-28_阿尔及利亚_vs_奥地利,760484,2026-06-28,28',Goal,奥地利,Marko Arnautovic,Marko Arnautovic Goal,ESPN
2026-06-28_阿尔及利亚_vs_奥地利,760484,2026-06-28,45',Goal,阿尔及利亚,Rafik Belghali,Rafik Belghali Goal,ESPN
2026-06-28_阿尔及利亚_vs_奥地利,760484,2026-06-28,45',Substitution,奥地利,Michael Gregoritsch,Michael Gregoritsch Substitution,ESPN
2026-06-28_阿尔及利亚_vs_奥地利,760484,2026-06-28,45',Substitution,奥地利,Florian Grillitsch,Florian Grillitsch Substitution,ESPN
2026-06-28_阿尔及利亚_vs_奥地利,760484,2026-06-28,45',Substitution,奥地利,Paul Wanner,Paul Wanner Substitution,ESPN
2026-06-28_阿尔及利亚_vs_奥地利,760484,2026-06-28,55',Goal,奥地利,Marcel Sabitzer,Marcel Sabitzer Goal,ESPN
2026-06-28_阿尔及利亚_vs_奥地利,760484,2026-06-28,60',Goal,阿尔及利亚,Riyad Mahrez,Riyad Mahrez Goal,ESPN
2026-06-28_阿尔及利亚_vs_奥地利,760484,2026-06-28,62',Substitution,奥地利,Kevin Danso,Kevin Danso Substitution,ESPN
2026-06-28_阿尔及利亚_vs_奥地利,760484,2026-06-28,71',Substitution,阿尔及利亚,Rayan Aït-Nouri,Rayan Aït-Nouri Substitution,ESPN
2026-06-28_阿尔及利亚_vs_奥地利,760484,2026-06-28,71',Substitution,阿尔及利亚,Zineddine Belaïd,Zineddine Belaïd Substitution,ESPN
2026-06-28_阿尔及利亚_vs_奥地利,760484,2026-06-28,71',Substitution,阿尔及利亚,Samir Chergui,Samir Chergui Substitution,ESPN
2026-06-28_阿尔及利亚_vs_奥地利,760484,2026-06-28,90'+3',Goal,阿尔及利亚,Riyad Mahrez,Riyad Mahrez Goal,ESPN
2026-06-28_阿尔及利亚_vs_奥地利,760484,2026-06-28,90'+4',Substitution,阿尔及利亚,Farès Ghedjemis,Farès Ghedjemis Substitution,ESPN
2026-06-28_阿尔及利亚_vs_奥地利,760484,2026-06-28,90'+5',Substitution,奥地利,Sasa Kalajdzic,Sasa Kalajdzic Substitution,ESPN
2026-06-28_阿尔及利亚_vs_奥地利,760484,2026-06-28,90'+6',Goal - Header,奥地利,Sasa Kalajdzic,Sasa Kalajdzic Goal - Header,ESPN
2026-06-27_巴拿马_vs_英格兰,760485,2026-06-27,45',Substitution,巴拿马,José Fajardo,José Fajardo Substitution,ESPN
2026-06-27_巴拿马_vs_英格兰,760485,2026-06-27,53',Yellow Card,巴拿马,José Fajardo,José Fajardo Yellow Card,ESPN
2026-06-27_巴拿马_vs_英格兰,760485,2026-06-27,60',Yellow Card,英格兰,Jarell Quansah,Jarell Quansah Yellow Card,ESPN
2026-06-27_巴拿马_vs_英格兰,760485,2026-06-27,62',Goal - Volley,英格兰,Jude Bellingham,Jude Bellingham Goal - Volley,ESPN
2026-06-27_巴拿马_vs_英格兰,760485,2026-06-27,63',Substitution,英格兰,Djed Spence,Djed Spence Substitution,ESPN
2026-06-27_巴拿马_vs_英格兰,760485,2026-06-27,63',Substitution,英格兰,Noni Madueke,Noni Madueke Substitution,ESPN
2026-06-27_巴拿马_vs_英格兰,760485,2026-06-27,67',Goal - Header,英格兰,Harry Kane,Harry Kane Goal - Header,ESPN
2026-06-27_巴拿马_vs_英格兰,760485,2026-06-27,71',Substitution,英格兰,Eberechi Eze,Eberechi Eze Substitution,ESPN
2026-06-27_巴拿马_vs_英格兰,760485,2026-06-27,71',Substitution,巴拿马,Ismael Díaz,Ismael Díaz Substitution,ESPN
2026-06-27_巴拿马_vs_英格兰,760485,2026-06-27,71',Substitution,巴拿马,Azarias Londoño,Azarias Londoño Substitution,ESPN
2026-06-27_巴拿马_vs_英格兰,760485,2026-06-27,84',Yellow Card,巴拿马,Andrés Andrade,Andrés Andrade Yellow Card,ESPN
2026-06-27_巴拿马_vs_英格兰,760485,2026-06-27,84',Substitution,英格兰,Jordan Henderson,Jordan Henderson Substitution,ESPN
2026-06-27_巴拿马_vs_英格兰,760485,2026-06-27,84',Substitution,英格兰,Ollie Watkins,Ollie Watkins Substitution,ESPN
2026-06-27_巴拿马_vs_英格兰,760485,2026-06-27,88',Substitution,巴拿马,Alberto Quintero,Alberto Quintero Substitution,ESPN
2026-06-27_巴拿马_vs_英格兰,760485,2026-06-27,88',Substitution,巴拿马,Éric Davis,Éric Davis Substitution,ESPN
