player_en,player_cn,team_cn,matches_played,positions_seen,jerseys_seen,birth_date,age,source
Abbosbek Fayzullaev,,乌兹别克斯坦,2,CF-L,,,,FBref+ESPN
Abbosbek Fayzullayev,,乌兹别克斯坦,2,"LM,RM",22,,,FBref+ESPN
Abdukodir Khusanov,,乌兹别克斯坦,3,"CB,CD-R",2,,,FBref+ESPN
Abdulla Abdullaev,,乌兹别克斯坦,3,"CB,CD",18,,,FBref+ESPN
Abduvohid Nematov,,乌兹别克斯坦,2,"G,GK",12,,,FBref+ESPN
Akmal Mozgovoy,,乌兹别克斯坦,3,"CM,MF,SUB",6,,,FBref+ESPN
Avazbek Ulmasaliyev,,乌兹别克斯坦,2,SUB,,,,FBref+ESPN
Aziz Gʻaniyev,,乌兹别克斯坦,1,RM,19,,,FBref+ESPN
Azizbek Amonov,,乌兹别克斯坦,3,"FW,SUB",20,,,FBref+ESPN
Azizjon Ganiev,,乌兹别克斯坦,2,CF-R,,,,FBref+ESPN
Behruzjon Karimov,,乌兹别克斯坦,2,RM,,,,FBref+ESPN
Bekhruz Karimov,,乌兹别克斯坦,2,RB,24,,,FBref+ESPN
Botirali Ergashev,,乌兹别克斯坦,2,SUB,,,,FBref+ESPN
Dostonbek Khamdamov,,乌兹别克斯坦,3,"MF,SUB",17,,,FBref+ESPN
Eldor Shomurodov,,乌兹别克斯坦,3,"F,FW",14,,,FBref+ESPN
Farrukh Sayfiev,,乌兹别克斯坦,3,"DF,MF,SUB",4,,,FBref+ESPN
Igor Sergeev,,乌兹别克斯坦,3,"FW,SUB",21,,,FBref+ESPN
Jakhongir Urozov,,乌兹别克斯坦,3,"DF,SUB",26,,,FBref+ESPN
Jamshid Iskanderov,,乌兹别克斯坦,2,SUB,,,,FBref+ESPN
Khojiakbar Alijonov,,乌兹别克斯坦,2,"DF,SUB",3,,,FBref+ESPN
Odiljon Hamrobekov,,乌兹别克斯坦,1,CM,9,,,FBref+ESPN
Odiljon Xamrobekov,,乌兹别克斯坦,2,CM-R,,,,FBref+ESPN
Oston Urunov,,乌兹别克斯坦,3,"LM,SUB",11,,,FBref+ESPN
Otabek Shukurov,,乌兹别克斯坦,3,"CM,CM-L",7,,,FBref+ESPN
Ruslanbek Jiyanov,,乌兹别克斯坦,2,"FW,SUB",10,,,FBref+ESPN
Rustam Ashurmatov,,乌兹别克斯坦,3,"CB,CD-L",5,,,FBref+ESPN
Sherzod Esanov,,乌兹别克斯坦,2,"MF,SUB",23,,,FBref+ESPN
Sherzod Nasrullaev,,乌兹别克斯坦,3,"LB,LM",13,,,FBref+ESPN
Umar Eshmurodov,,乌兹别克斯坦,2,SUB,,,,FBref+ESPN
Utkir Yusupov,,乌兹别克斯坦,3,"GK,SUB",1,,,FBref+ESPN
Agustín Canobbio,,乌拉圭,2,"FW,FW,MF,RM",14,,,FBref+ESPN
Brian Rodríguez,,乌拉圭,2,"FW,MF,SUB",18,,,FBref+ESPN
Darwin Núñez,,乌拉圭,2,"FW,SUB",9,,,FBref+ESPN
Emiliano Martínez,,乌拉圭,2,SUB,,,,FBref+ESPN
Facundo Pellistri,,乌拉圭,2,SUB,,,,FBref+ESPN
Federico Valverde,,乌拉圭,2,"CM,CM-L,RW",8,,,FBref+ESPN
Federico Viñas,,乌拉圭,2,"F,FW",21,,,FBref+ESPN
Fernando Muslera,,乌拉圭,2,"G,GK",23,,,FBref+ESPN
Guillermo Varela,,乌拉圭,2,RB,13,,,FBref+ESPN
Joaquín Piquerez,,乌拉圭,2,SUB,,,,FBref+ESPN
José María Giménez,,乌拉圭,2,SUB,,,,FBref+ESPN
Juan Manuel Sanabria,,乌拉圭,2,"DF,MF,LB",25,,,FBref+ESPN
Manuel Ugarte,,乌拉圭,2,"CM,DM",5,,,FBref+ESPN
Mathías Olivera,,乌拉圭,2,"CB,CD-L",16,,,FBref+ESPN
Matías Viña,,乌拉圭,2,"LB,SUB",17,,,FBref+ESPN
Maxi Araújo,,乌拉圭,2,"FW,LM,LW",20,,,FBref+ESPN
Nicolás De La Cruz,,乌拉圭,2,MF,7,,,FBref+ESPN
Nicolás de la Cruz,,乌拉圭,2,SUB,,,,FBref+ESPN
Rodrigo Aguirre,,乌拉圭,2,"FW,SUB",19,,,FBref+ESPN
Rodrigo Bentancur,,乌拉圭,2,"CM,CM-R",6,,,FBref+ESPN
Rodrigo Zalazar,,乌拉圭,2,SUB,,,,FBref+ESPN
Santiago Bueno,,乌拉圭,2,SUB,,,,FBref+ESPN
Santiago Mele,,乌拉圭,2,SUB,,,,FBref+ESPN
Sebastián Cáceres,,乌拉圭,2,"CB,CD-R",3,,,FBref+ESPN
Sergio Rochet,,乌拉圭,2,SUB,,,,FBref+ESPN
Ahmed Basil,,伊拉克,2,"G,GK",22,,,FBref+ESPN
Ahmed Maknazi,,伊拉克,2,SUB,,,,FBref+ESPN
Ahmed Qasem,,伊拉克,2,"FW,FW,MF",11,,,FBref+ESPN
Ahmed Qasim,,伊拉克,2,RM,,,,FBref+ESPN
Aimar Sher,,伊拉克,2,"MF,SUB",20,,,FBref+ESPN
Akam Hashim,,伊拉克,2,"CB,CD-L",5,,,FBref+ESPN
Ali Al Hamadi,,伊拉克,2,FW,9,,,FBref+ESPN
Ali Al-Hamadi,,伊拉克,2,SUB,,,,FBref+ESPN
Ali Jasim,,伊拉克,2,"LW,SUB",17,,,FBref+ESPN
Ali Yousif,,伊拉克,2,SUB,,,,FBref+ESPN
Amir Al Ammari,,伊拉克,2,"CM,DM",16,,,FBref+ESPN
Amir Al-Ammari,,伊拉克,2,DM,,,,FBref+ESPN
Ayman Hussein,,伊拉克,2,FW,18,,,FBref+ESPN
Aymen Hussein,,伊拉克,2,F,,,,FBref+ESPN
Fahad Talib,,伊拉克,2,SUB,,,,FBref+ESPN
Frans Putros,,伊拉克,2,SUB,,,,FBref+ESPN
Hussein Ali,,伊拉克,2,RB,3,,,FBref+ESPN
Ibrahim Bayesh,,伊拉克,2,"FW,LM,RW",8,,,FBref+ESPN
Jalal Hassan,,伊拉克,2,"GK,SUB",12,,,FBref+ESPN
Kevin Yakob,,伊拉克,2,SUB,,,,FBref+ESPN
Marko Farji,,伊拉克,2,"MF,SUB",21,,,FBref+ESPN
Merchas Doski,,伊拉克,2,LB,23,,,FBref+ESPN
Mohanad Ali,,伊拉克,2,"FW,SUB",10,,,FBref+ESPN
Munaf Younus,,伊拉克,2,SUB,,,,FBref+ESPN
Mustafa Saadoon,,伊拉克,2,"DF,SUB",25,,,FBref+ESPN
Rebin Sulaka,,伊拉克,2,"DF,SUB",2,,,FBref+ESPN
Youssef Amyn,,伊拉克,2,"MF,SUB",7,,,FBref+ESPN
Zaid Ismael,,伊拉克,2,CM-R,,,,FBref+ESPN
Zaid Ismail,,伊拉克,2,CM,24,,,FBref+ESPN
Zaid Tahseen,,伊拉克,2,"CB,CD-R",4,,,FBref+ESPN
Zidane Iqbal,,伊拉克,2,"CM,CM-L,MF",14,,,FBref+ESPN
Ali Alipour,,伊朗,3,"FW,SUB",11,,,FBref+ESPN
Ali Nemati,,伊朗,3,"CB,CD-L",19,,,FBref+ESPN
Alireza Beiranvand,,伊朗,3,"G,GK",1,,,FBref+ESPN
Alireza Jahanbakhsh,,伊朗,2,"FW,MF,SUB",7,,,FBref+ESPN
Amirhossein Hosseinzadeh,,伊朗,3,"FW,SUB",18,,,FBref+ESPN
Amirmohammad Razzaghinia,,伊朗,2,SUB,,,,FBref+ESPN
Aria Yousefi,,伊朗,1,LW,17,,,FBref+ESPN
Arya Yousefi,,伊朗,2,SUB,,,,FBref+ESPN
Danial Iri,,伊朗,2,SUB,,,,FBref+ESPN
Dennis Dargahi,,伊朗,2,SUB,,,,FBref+ESPN
Ehsan Hajsafi,,伊朗,3,"DF,MF,LB",3,,,FBref+ESPN
Hossein Hosseini,,伊朗,2,SUB,,,,FBref+ESPN
Hossein Kanaanizadegan,,伊朗,1,CB,13,,,FBref+ESPN
Hossein Kanani,,伊朗,2,CD-R,,,,FBref+ESPN
Mehdi Ghayedi,,伊朗,3,"FW,SUB",10,,,FBref+ESPN
Mehdi Taremi,,伊朗,3,"F,FW",9,,,FBref+ESPN
Mehdi Torabi,,伊朗,2,"MF,SUB",16,,,FBref+ESPN
Milad Mohammadi,,伊朗,3,"DF,MF,LB,SUB",5,,,FBref+ESPN
Mohammad Ghorbani,,伊朗,2,SUB,,,,FBref+ESPN
Mohammad Mohebbi,,伊朗,2,LM,,,,FBref+ESPN
Mohammad Mohebi,,伊朗,2,"LM,RW",8,,,FBref+ESPN
Payam Niazmand,,伊朗,2,SUB,,,,FBref+ESPN
Ramin Rezaeian,,伊朗,3,"RB,RM",23,,,FBref+ESPN
Roozbeh Cheshmi,,伊朗,2,SUB,,,,FBref+ESPN
Saeid Ezatolahi,,伊朗,3,"CM,CM-L",6,,,FBref+ESPN
Saleh Hardani,,伊朗,2,RB,2,,,FBref+ESPN
Saman Ghoddos,,伊朗,3,"CM,CM-R",14,,,FBref+ESPN
Shahriar Moghanlou,,伊朗,2,"FW,MF",20,,,FBref+ESPN
Shahriyar Moghanloo,,伊朗,2,SUB,,,,FBref+ESPN
Shoja Khalilzadeh,,伊朗,2,CD,,,,FBref+ESPN
Shoja' Khalilzadeh,,伊朗,2,CB,4,,,FBref+ESPN
CJ dos Santos,,佛得角,2,SUB,,,,FBref+ESPN
Dailon Livramento,,佛得角,2,"FW,SUB",19,,,FBref+ESPN
Deroy Duarte,,佛得角,2,"MF,SUB",14,,,FBref+ESPN
Diney,,佛得角,2,CB,3,,,FBref+ESPN
Diney Borges,,佛得角,2,CD-L,,,,FBref+ESPN
Garry Rodrigues,,佛得角,2,"LM,LW",11,,,FBref+ESPN
Gilson Benchimol,,佛得角,2,"F,FW",9,,,FBref+ESPN
Hélio Varela,,佛得角,2,"FW,SUB",26,,,FBref+ESPN
Jamiro Monteiro,,佛得角,2,"AM,CM,CM-L",10,,,FBref+ESPN
Jovane Cabral,,佛得角,2,"FW,SUB",7,,,FBref+ESPN
João Paulo,,佛得角,2,SUB,,,,FBref+ESPN
João Paulo Fernandes,,佛得角,1,"DF,MF",8,,,FBref+ESPN
Kelvin Pires,,佛得角,2,SUB,,,,FBref+ESPN
Kevin Pina,,佛得角,2,DM,6,,,FBref+ESPN
Laros Duarte,,佛得角,2,"CM,MF,SUB",15,,,FBref+ESPN
Logan Costa,,佛得角,2,SUB,,,,FBref+ESPN
Márcio Rosa,,佛得角,2,SUB,,,,FBref+ESPN
Nuno da Costa,,佛得角,2,"FW,MF,SUB",21,,,FBref+ESPN
Pico,,佛得角,2,CB,4,,,FBref+ESPN
Pico Lopes,,佛得角,2,CD-R,,,,FBref+ESPN
Ryan Mendes,,佛得角,2,"FW,RM,RW",20,,,FBref+ESPN
Sidny Lopes Cabral,,佛得角,2,LB,13,,,FBref+ESPN
Steven Moreira,,佛得角,2,RB,22,,,FBref+ESPN
Stopira,,佛得角,2,SUB,,,,FBref+ESPN
Telmo Arcanjo,,佛得角,2,"AM,CM-R,MF",18,,,FBref+ESPN
Vozinha,,佛得角,2,"G,GK",1,,,FBref+ESPN
Wagner Pina,,佛得角,2,SUB,,,,FBref+ESPN
Willy Semedo,,佛得角,2,"FW,MF,SUB",17,,,FBref+ESPN
Yannick,,佛得角,1,MF,16,,,FBref+ESPN
Yannick Semedo,,佛得角,2,SUB,,,,FBref+ESPN
Andrej Kramaric,,克罗地亚,2,SUB,,,,FBref+ESPN
Andrej Kramarić,,克罗地亚,2,"FW,MF",9,,,FBref+ESPN
Ante Budimir,,克罗地亚,2,"FW,SUB",11,,,FBref+ESPN
Dominik Kotarski,,克罗地亚,2,SUB,,,,FBref+ESPN
Dominik Livakovic,,克罗地亚,2,G,,,,FBref+ESPN
Dominik Livaković,,克罗地亚,2,GK,1,,,FBref+ESPN
Duje Caleta-Car,,克罗地亚,2,SUB,,,,FBref+ESPN
Igor Matanovic,,克罗地亚,2,SUB,,,,FBref+ESPN
Igor Matanović,,克罗地亚,1,FW,20,,,FBref+ESPN
Ivan Perisic,,克罗地亚,2,AM-L,,,,FBref+ESPN
Ivan Perišić,,克罗地亚,2,"AM,LM",14,,,FBref+ESPN
Ivor Pandur,,克罗地亚,2,SUB,,,,FBref+ESPN
Josip Stanisic,,克罗地亚,2,RB,,,,FBref+ESPN
Josip Stanišić,,克罗地亚,2,"RB,RM",2,,,FBref+ESPN
Josip Sutalo,,克罗地亚,2,CD-R,,,,FBref+ESPN
Josip Šutalo,,克罗地亚,2,CB,6,,,FBref+ESPN
Josko Gvardiol,,克罗地亚,2,LB,,,,FBref+ESPN
Joško Gvardiol,,克罗地亚,2,"CB,LB",4,,,FBref+ESPN
Kristijan Jakic,,克罗地亚,2,SUB,,,,FBref+ESPN
Luka Modric,,克罗地亚,2,RM,,,,FBref+ESPN
Luka Modrić,,克罗地亚,2,"CM,DM",10,,,FBref+ESPN
Luka Sucic,,克罗地亚,2,SUB,,,,FBref+ESPN
Luka Sučić,,克罗地亚,1,"FW,MF",21,,,FBref+ESPN
Luka Vuskovic,,克罗地亚,2,SUB,,,,FBref+ESPN
Luka Vušković,,克罗地亚,1,CB,22,,,FBref+ESPN
Marco Pasalic,,克罗地亚,2,AM-R,,,,FBref+ESPN
Marco Pašalić,,克罗地亚,2,"AM,MF",24,,,FBref+ESPN
Marin Pongracic,,克罗地亚,2,CD-L,,,,FBref+ESPN
Marin Pongračić,,克罗地亚,1,CB,3,,,FBref+ESPN
Mario Pasalic,,克罗地亚,2,SUB,,,,FBref+ESPN
Mario Pašalić,,克罗地亚,2,"CM,FW,MF",15,,,FBref+ESPN
Martin Baturina,,克罗地亚,2,"AM,FW",16,,,FBref+ESPN
Martin Erlic,,克罗地亚,2,SUB,,,,FBref+ESPN
Mateo Kovacic,,克罗地亚,2,LM,,,,FBref+ESPN
Mateo Kovačić,,克罗地亚,2,"DM,MF",8,,,FBref+ESPN
Nikola Moro,,克罗地亚,2,SUB,,,,FBref+ESPN
Nikola Vlasic,,克罗地亚,2,SUB,,,,FBref+ESPN
Nikola Vlašić,,克罗地亚,1,"FW,MF",13,,,FBref+ESPN
Petar Musa,,克罗地亚,2,"F,FW",26,,,FBref+ESPN
Petar Sucic,,克罗地亚,2,SUB,,,,FBref+ESPN
Petar Sučić,,克罗地亚,2,"FW,MF",17,,,FBref+ESPN
Toni Fruk,,克罗地亚,2,SUB,,,,FBref+ESPN
Alfie Jones,,加拿大,1,SUB,,,,FBref+ESPN
Ali Ahmed,,加拿大,3,"LM,LW,MF",20,,,FBref+ESPN
Alistair Johnston,,加拿大,3,RB,2,,,FBref+ESPN
Alphonso Davies,,加拿大,3,SUB,,,,FBref+ESPN
Cyle Larin,,加拿大,3,"CF-L,FW,FW,MF",9,,,FBref+ESPN
Dayne St. Clair,,加拿大,3,SUB,,,,FBref+ESPN
Derek Cornelius,,加拿大,3,"CB,CD-L",13,,,FBref+ESPN
Ismaël Koné,,加拿大,2,"CM,CM-R",8,,,FBref+ESPN
Jacob Shaffelburg,,加拿大,3,"MF,SUB",14,,,FBref+ESPN
Jayden Nelson,,加拿大,3,SUB,,,,FBref+ESPN
Joel Waterman,,加拿大,3,SUB,,,,FBref+ESPN
Jonathan David,,加拿大,3,"CF-R,FW",10,,,FBref+ESPN
Jonathan Osorio,,加拿大,3,"MF,SUB",21,,,FBref+ESPN
Liam Millar,,加拿大,3,"FW,MF,LW,SUB",11,,,FBref+ESPN
Luc De Fougerolles,,加拿大,3,CB,4,,,FBref+ESPN
Luc de Fougerolles,,加拿大,3,CD-R,,,,FBref+ESPN
Mathieu Choinière,,加拿大,3,"CM,CM-L",6,,,FBref+ESPN
Maxime Crépeau,,加拿大,3,"G,GK",16,,,FBref+ESPN
Moïse Bombito,,加拿大,3,"DF,SUB",15,,,FBref+ESPN
Nathan Saliba,,加拿大,3,"CM,CM-R,MF",25,,,FBref+ESPN
Niko Sigur,,加拿大,3,"DF,MF,SUB",23,,,FBref+ESPN
Owen Goodman,,加拿大,3,SUB,,,,FBref+ESPN
Promise David,,加拿大,3,"FW,SUB",24,,,FBref+ESPN
Richie Laryea,,加拿大,3,LB,22,,,FBref+ESPN
Stephen Eustáquio,,加拿大,3,"CM,MF,SUB",7,,,FBref+ESPN
Tajon Buchanan,,加拿大,3,"RM,RW",17,,,FBref+ESPN
Tani Oluwaseyi,,加拿大,3,"FW,SUB",12,,,FBref+ESPN
Abdul Fatawu Issahaku,,加纳,2,"FW,MF",7,,,FBref+ESPN
Abdul Mumin,,加纳,2,SUB,,,,FBref+ESPN
Abdul Rahman Baba,,加纳,1,"DF,MF",17,,,FBref+ESPN
Alidu Seidu,,加纳,2,SUB,,,,FBref+ESPN
Antoine Semenyo,,加纳,2,"AM,LM,LW",11,,,FBref+ESPN
Augustine Boakye,,加纳,2,SUB,,,,FBref+ESPN
Baba Rahman,,加纳,2,SUB,,,,FBref+ESPN
Benjamin Asare,,加纳,2,"G,GK",16,,,FBref+ESPN
Brandon Thomas-Asante,,加纳,2,"FW,MF,SUB",10,,,FBref+ESPN
Caleb Yirenkyi,,加纳,2,"AM,CM-R,DM",3,,,FBref+ESPN
Christopher Bonsu Baah,,加纳,2,SUB,,,,FBref+ESPN
Derrick Luckassen,,加纳,2,SUB,,,,FBref+ESPN
Elisha Owusu,,加纳,2,"DM,SUB",15,,,FBref+ESPN
Ernest Nuamah,,加纳,2,"AM,SUB",24,,,FBref+ESPN
Fatawu Issahaku,,加纳,2,SUB,,,,FBref+ESPN
Gideon Mensah,,加纳,2,LB,14,,,FBref+ESPN
Iñaki Williams,,加纳,2,"RM,RW",19,,,FBref+ESPN
Jerome Opoku,,加纳,2,"CB,CD-L",18,,,FBref+ESPN
Jonas Adjetey,,加纳,2,"CB,CD-R",4,,,FBref+ESPN
Jordan Ayew,,加纳,2,"F,FW",9,,,FBref+ESPN
Joseph Anang,,加纳,2,SUB,,,,FBref+ESPN
Kamaldeen Sulemana,,加纳,2,"AM,SUB",22,,,FBref+ESPN
Kojo Peprah Oppong,,加纳,2,"DF,SUB",21,,,FBref+ESPN
Kwasi Sibo,,加纳,2,"AM,CM-L,MF",8,,,FBref+ESPN
Lawrence Ati Zigi,,加纳,2,SUB,,,,FBref+ESPN
Lawrence Ati-Zigi,,加纳,1,GK,1,,,FBref+ESPN
Marvin Senaya,,加纳,2,RB,26,,,FBref+ESPN
Prince Adu,,加纳,2,SUB,,,,FBref+ESPN
Prince Kwabena Adu,,加纳,2,FW,25,,,FBref+ESPN
Thomas Partey,,加纳,1,DM,5,,,FBref+ESPN
Aubrey Modiba,,南非,4,LB,6,,,FBref+ESPN
Bradley Cross,,南非,3,SUB,,,,FBref+ESPN
Evidence Makgopa,,南非,4,"F,FW",17,,,FBref+ESPN
Ime Okon,,南非,4,"CB,CD-R",21,,,FBref+ESPN
Iqraam Rayners,,南非,4,"FW,FW,MF,SUB",15,,,FBref+ESPN
Jayden Adams,,南非,4,"CM,MF,SUB",23,,,FBref+ESPN
Kamogelo Sebelebele,,南非,3,"DF,MF,SUB",25,,,FBref+ESPN
Khuliso Mudau,,南非,4,RB,20,,,FBref+ESPN
Khulumani Ndamane,,南非,3,SUB,,,,FBref+ESPN
Lyle Foster,,南非,3,"FW,SUB",9,,,FBref+ESPN
Mbekezeli Mbokazi,,南非,4,"CB,CD-L",14,,,FBref+ESPN
Nkosinathi Sibisi,,南非,3,"CB,SUB",19,,,FBref+ESPN
Olwethu Makhanya,,南非,3,SUB,,,,FBref+ESPN
Oswin Appollis,,南非,4,"AM,AM-L,FW,MF",7,,,FBref+ESPN
Relebohile Mofokeng,,南非,4,"AM,MF",10,,,FBref+ESPN
Ricardo Goss,,南非,3,SUB,,,,FBref+ESPN
Ronwen Williams,,南非,4,"G,GK",1,,,FBref+ESPN
Samukele Kabini,,南非,3,SUB,,,,FBref+ESPN
Sipho Chaine,,南非,3,SUB,,,,FBref+ESPN
Sphephelo Sithole,,南非,3,"CM,DM,LM",13,,,FBref+ESPN
Teboho Mokoena,,南非,2,"CM,DM",4,,,FBref+ESPN
Thabang Matuludi,,南非,3,SUB,,,,FBref+ESPN
Thalente Mbatha,,南非,4,"CM,DM,MF,RM",5,,,FBref+ESPN
Thapelo Maseko,,南非,4,"AM,AM-R,FW",12,,,FBref+ESPN
Themba Zwane,,南非,1,"FW,MF,SUB",11,,,FBref+ESPN
Tshepang Moremi,,南非,4,"MF,SUB",8,,,FBref+ESPN
Abdulaziz Hatem,,卡塔尔,3,"MF,SUB",6,,,FBref+ESPN
Ahmed Al-Ganehi,,卡塔尔,3,"FW,SUB",17,,,FBref+ESPN
Ahmed Alaaeldin,,卡塔尔,3,"FW,SUB",7,,,FBref+ESPN
Ahmed Fathy,,卡塔尔,3,"CM,DM,MF",20,,,FBref+ESPN
Akram Afif,,卡塔尔,3,"AM,F,FW",11,,,FBref+ESPN
Al-Hashmi Al-Hussain,,卡塔尔,3,"MF,SUB",25,,,FBref+ESPN
Almoez Ali,,卡塔尔,3,"FW,SUB",19,,,FBref+ESPN
Assim Madibo,,卡塔尔,2,"CM,DM",23,,,FBref+ESPN
Ayoub Al-Oui,,卡塔尔,3,"RB,SUB",13,,,FBref+ESPN
Boualem Khoukhi,,卡塔尔,3,"CB,CD-R",16,,,FBref+ESPN
Edmilson Junior,,卡塔尔,3,"AM,FW",8,,,FBref+ESPN
Edmílson Junior,,卡塔尔,3,RF,,,,FBref+ESPN
Hassan Al-Haydos,,卡塔尔,3,"AM,FW,MF,LF",10,,,FBref+ESPN
Homam Ahmed,,卡塔尔,2,LB,14,,,FBref+ESPN
Issa Laye,,卡塔尔,3,"CB,CD-L,CM,DM",4,,,FBref+ESPN
Jassem Gaber,,卡塔尔,3,"CM,DM,RM",5,,,FBref+ESPN
Karim Boudiaf,,卡塔尔,3,"DF,MF,DM,LM",12,,,FBref+ESPN
Lucas Mendes,,卡塔尔,3,"DF,SUB",3,,,FBref+ESPN
Mahmoud Abunada,,卡塔尔,3,"G,GK",1,,,FBref+ESPN
Meshaal Barsham,,卡塔尔,3,SUB,,,,FBref+ESPN
Mohamed Manai,,卡塔尔,3,"DF,SUB",26,,,FBref+ESPN
Mohammed Muntari,,卡塔尔,3,SUB,,,,FBref+ESPN
Pedro Miguel,,卡塔尔,3,RB,,,,FBref+ESPN
Ró-Ró,,卡塔尔,3,"CB,RB",2,,,FBref+ESPN
Salah Zakaria,,卡塔尔,3,SUB,,,,FBref+ESPN
Sultan Al-Brake,,卡塔尔,3,"DF,LB",18,,,FBref+ESPN
Tahsin Jamshid,,卡塔尔,3,SUB,,,,FBref+ESPN
Yusuf Abdurisag,,卡塔尔,3,"FW,SUB",15,,,FBref+ESPN
Alan Franco,,厄瓜多尔,4,"CB,RB",21,,,FBref+ESPN
Alan Minda,,厄瓜多尔,3,"LW,SUB",14,,,FBref+ESPN
Anthony Valencia,,厄瓜多尔,3,SUB,,,,FBref+ESPN
Denil Castillo,,厄瓜多尔,3,SUB,,,,FBref+ESPN
Enner Valencia,,厄瓜多尔,4,"CF-L,FW",13,,,FBref+ESPN
Félix Torres,,厄瓜多尔,3,SUB,,,,FBref+ESPN
Félix Torres Caicedo,,厄瓜多尔,1,DF,2,,,FBref+ESPN
Gonzalo Plata,,厄瓜多尔,4,"CF-R,FW",19,,,FBref+ESPN
Gonzalo Valle,,厄瓜多尔,3,SUB,,,,FBref+ESPN
Hernán Galíndez,,厄瓜多尔,4,"G,GK",1,,,FBref+ESPN
Jackson Porozo,,厄瓜多尔,3,"DF,SUB",25,,,FBref+ESPN
Jeremy Arévalo,,厄瓜多尔,3,SUB,,,,FBref+ESPN
Joel Ordóñez,,厄瓜多尔,3,"CB,CD-R",4,,,FBref+ESPN
John Yeboah,,厄瓜多尔,4,"RM,RW",9,,,FBref+ESPN
Jordy Alcivar,,厄瓜多尔,1,DM,5,,,FBref+ESPN
Jordy Alcívar,,厄瓜多尔,3,SUB,,,,FBref+ESPN
Jordy Caicedo,,厄瓜多尔,4,"FW,SUB",16,,,FBref+ESPN
Kendry Páez,,厄瓜多尔,3,SUB,,,,FBref+ESPN
Kevin Rodríguez,,厄瓜多尔,4,"FW,SUB",11,,,FBref+ESPN
Moisés Caicedo,,厄瓜多尔,4,"AM,CM,CM-R",23,,,FBref+ESPN
Moisés Ramírez,,厄瓜多尔,3,SUB,,,,FBref+ESPN
Nilson Angulo,,厄瓜多尔,4,"FW,MF,LM,LW",20,,,FBref+ESPN
Pedro Vite,,厄瓜多尔,4,"AM,CM,CM-L",15,,,FBref+ESPN
Pervis Estupiñán,,厄瓜多尔,4,"DF,MF,LW,SUB",7,,,FBref+ESPN
Piero Hincapié,,厄瓜多尔,4,"CB,LB",3,,,FBref+ESPN
Willian Pacho,,厄瓜多尔,4,"CB,CD-L",6,,,FBref+ESPN
Yaimar Medina,,厄瓜多尔,3,SUB,,,,FBref+ESPN
Ángelo Preciado,,厄瓜多尔,4,"DF,MF,SUB",17,,,FBref+ESPN
Andrés Gómez,,哥伦比亚,3,"MF,SUB",26,,,FBref+ESPN
Camilo Vargas,,哥伦比亚,4,"G,GK",12,,,FBref+ESPN
Cucho,,哥伦比亚,1,"FW,MF",19,,,FBref+ESPN
Cucho Hernández,,哥伦比亚,2,SUB,,,,FBref+ESPN
Daniel Muñoz,,哥伦比亚,4,RB,2,,,FBref+ESPN
David Ospina,,哥伦比亚,2,SUB,,,,FBref+ESPN
Davinson Sánchez,,哥伦比亚,4,"CB,CD-R",23,,,FBref+ESPN
Deiver Machado,,哥伦比亚,2,SUB,,,,FBref+ESPN
Gustavo Puerta,,哥伦比亚,4,"CM,RM",14,,,FBref+ESPN
James Rodríguez,,哥伦比亚,4,"FW,RF",10,,,FBref+ESPN
Jaminton Campaz,,哥伦比亚,1,"FW,MF",21,,,FBref+ESPN
Jefferson Lerma,,哥伦比亚,4,"CM,DM",16,,,FBref+ESPN
Jhon Arias,,哥伦比亚,4,"CM,LM",11,,,FBref+ESPN
Jhon Córdoba,,哥伦比亚,3,"FW,SUB",9,,,FBref+ESPN
Jhon Lucumí,,哥伦比亚,4,"CB,CD-L",3,,,FBref+ESPN
Johan Mojica,,哥伦比亚,4,LB,17,,,FBref+ESPN
Jorge Carrascal,,哥伦比亚,2,SUB,,,,FBref+ESPN
Juan Fernando Quintero,,哥伦比亚,2,SUB,,,,FBref+ESPN
Juan Portilla,,哥伦比亚,2,SUB,,,,FBref+ESPN
Juan Quintero,,哥伦比亚,1,"FW,MF",20,,,FBref+ESPN
Jáminton Campaz,,哥伦比亚,2,SUB,,,,FBref+ESPN
Kevin Castaño,,哥伦比亚,3,"MF,SUB",5,,,FBref+ESPN
Luis Díaz,,哥伦比亚,4,"FW,LF",7,,,FBref+ESPN
Luis Suárez,,哥伦比亚,4,"F,FW",25,,,FBref+ESPN
Richard Ríos,,哥伦比亚,4,"MF,SUB",6,,,FBref+ESPN
Santiago Arias,,哥伦比亚,2,SUB,,,,FBref+ESPN
Willer Ditta,,哥伦比亚,2,SUB,,,,FBref+ESPN
Yerry Mina,,哥伦比亚,2,SUB,,,,FBref+ESPN
Álvaro Montero,,哥伦比亚,2,SUB,,,,FBref+ESPN
Abdülkerim Bardakcı,,土耳其,3,CB,14,,,FBref+ESPN
Abdülkerim Bardakçi,,土耳其,3,CD-L,,,,FBref+ESPN
Altay Bayindir,,土耳其,3,SUB,,,,FBref+ESPN
Arda Güler,,土耳其,6,"AM,CF-R,RM",8,,,FBref+ESPN
Baris Alper Yilmaz,,土耳其,3,F,,,,FBref+ESPN
Barış Alper Yılmaz,,土耳其,3,"AM,FW,FW,MF",21,,,FBref+ESPN
Can Uzun,,土耳其,5,"MF,SUB",26,,,FBref+ESPN
Deniz Gül,,土耳其,5,"FW,SUB",9,,,FBref+ESPN
Eren Elmali,,土耳其,3,LM,,,,FBref+ESPN
Eren Elmalı,,土耳其,2,"DF,LB",13,,,FBref+ESPN
Ferdi Kadioglu,,土耳其,5,"LB,SUB",20,,,FBref+ESPN
Hakan Çalhanoglu,,土耳其,3,SUB,,,,FBref+ESPN
Hakan Çalhanoğlu,,土耳其,2,DM,10,,,FBref+ESPN
Irfan Can Kahveci,,土耳其,3,SUB,,,,FBref+ESPN
Ismail Yüksek,,土耳其,3,SUB,,,,FBref+ESPN
Kaan Ayhan,,土耳其,4,"DF,MF,SUB",22,,,FBref+ESPN
Kenan Yildiz,,土耳其,3,CF-L,,,,FBref+ESPN
Kenan Yıldız,,土耳其,3,"AM,FW,MF,LM",11,,,FBref+ESPN
Kerem Aktürkoglu,,土耳其,3,SUB,,,,FBref+ESPN
Kerem Aktürkoğlu,,土耳其,2,FW,7,,,FBref+ESPN
Merih Demiral,,土耳其,5,"CB,SUB",3,,,FBref+ESPN
Mert Günok,,土耳其,3,SUB,,,,FBref+ESPN
Mert Müldür,,土耳其,6,"DF,RB,SUB",18,,,FBref+ESPN
Oguz Aydin,,土耳其,3,RM,,,,FBref+ESPN
Orkun Kökçü,,土耳其,6,"AM,CM,CM-L,MF",6,,,FBref+ESPN
Ozan Kabak,,土耳其,4,"CB,CD",15,,,FBref+ESPN
Oğuz Aydın,,土耳其,1,RB,24,,,FBref+ESPN
Salih Özcan,,土耳其,5,"CM,CM-R,MF",5,,,FBref+ESPN
Samet Akaydin,,土耳其,3,SUB,,,,FBref+ESPN
Ugurcan Çakir,,土耳其,3,G,,,,FBref+ESPN
Uğurcan Çakır,,土耳其,3,GK,23,,,FBref+ESPN
Yunus Akgün,,土耳其,5,"AM,MF,SUB",19,,,FBref+ESPN
Zeki Çelik,,土耳其,5,"CB,CD-R,RB",2,,,FBref+ESPN
Çaglar Söyüncü,,土耳其,3,SUB,,,,FBref+ESPN
Çağlar Söyüncü,,土耳其,1,DF,4,,,FBref+ESPN
İrfan Can Kahveci,,土耳其,1,MF,17,,,FBref+ESPN
İsmail Yüksek,,土耳其,2,DM,16,,,FBref+ESPN
Ahmed Fatouh,,埃及,3,LB,13,,,FBref+ESPN
Emam Ashour,,埃及,3,"AM,AM-L,LW",8,,,FBref+ESPN
Haissem Hassan,,埃及,2,SUB,,,,FBref+ESPN
Hamdy Fathy,,埃及,3,"CB,CD-L",14,,,FBref+ESPN
Hamza Abdelkarim,,埃及,3,"FW,SUB",9,,,FBref+ESPN
Hossam Abdelmaguid,,埃及,3,"DF,SUB",4,,,FBref+ESPN
Ibrahim Adel,,埃及,2,"MF,SUB",20,,,FBref+ESPN
Karim Hafez,,埃及,2,"DF,SUB",15,,,FBref+ESPN
Mahdy Soliman,,埃及,2,SUB,,,,FBref+ESPN
Mahmoud Saber,,埃及,2,SUB,,,,FBref+ESPN
Marawan Attia,,埃及,2,RM,,,,FBref+ESPN
Marwan Attia,,埃及,2,"CM,DM",19,,,FBref+ESPN
Mohamed Abdelmoneim,,埃及,2,SUB,,,,FBref+ESPN
Mohamed Abdelmonem,,埃及,1,DF,6,,,FBref+ESPN
Mohamed Alaa,,埃及,2,SUB,,,,FBref+ESPN
Mohamed El Shenawy,,埃及,2,SUB,,,,FBref+ESPN
Mohamed Hany,,埃及,3,RB,3,,,FBref+ESPN
Mohamed Salah,,埃及,3,"AM,FW",10,,,FBref+ESPN
Mohanad Lasheen,,埃及,2,"CM,DM",17,,,FBref+ESPN
Mohanad Lashin,,埃及,2,LM,,,,FBref+ESPN
Mostafa Shobeir,,埃及,2,GK,23,,,FBref+ESPN
Mostafa Shoubir,,埃及,2,G,,,,FBref+ESPN
Mostafa Zico,,埃及,2,AM-R,,,,FBref+ESPN
Mostafa Ziko,,埃及,2,"AM,RW",11,,,FBref+ESPN
Nabil Donga,,埃及,2,SUB,,,,FBref+ESPN
Omar Marmoush,,埃及,3,"F,FW",22,,,FBref+ESPN
Ramy Rabia,,埃及,3,"DF,MF,SUB",5,,,FBref+ESPN
Tarek Alaa,,埃及,2,SUB,,,,FBref+ESPN
Trézéguet,,埃及,3,"FW,MF,SUB",7,,,FBref+ESPN
Yasser Ibrahim,,埃及,3,"CB,CD-R",2,,,FBref+ESPN
Zizo,,埃及,3,"MF,SUB",25,,,FBref+ESPN
Abdoulaye Seck,,塞内加尔,2,SUB,,,,FBref+ESPN
Antoine Mendy,,塞内加尔,2,SUB,,,,FBref+ESPN
Assane Diao,,塞内加尔,2,SUB,,,,FBref+ESPN
Bamba Dieng,,塞内加尔,2,"FW,SUB",9,,,FBref+ESPN
Bara Sapoko Ndiaye,,塞内加尔,2,SUB,,,,FBref+ESPN
Cherif Ndiaye,,塞内加尔,2,SUB,,,,FBref+ESPN
El Hadji Malick Diouf,,塞内加尔,3,LB,25,,,FBref+ESPN
Habib Diarra,,塞内加尔,2,"MF,SUB",21,,,FBref+ESPN
Ibrahim Mbaye,,塞内加尔,3,"FW,SUB",20,,,FBref+ESPN
Idrissa Gueye,,塞内加尔,3,"DM,RM",5,,,FBref+ESPN
Iliman Ndiaye,,塞内加尔,2,"FW,MF,SUB",13,,,FBref+ESPN
Ismail Jakobs,,塞内加尔,3,"DF,MF,SUB",14,,,FBref+ESPN
Ismaila Sarr,,塞内加尔,2,AM,18,,,FBref+ESPN
Ismaïla Sarr,,塞内加尔,2,AM-R,,,,FBref+ESPN
Kalidou Koulibaly,,塞内加尔,3,"CB,CD-R",3,,,FBref+ESPN
Krépin Diatta,,塞内加尔,3,RB,15,,,FBref+ESPN
Lamine Camara,,塞内加尔,3,AM,8,,,FBref+ESPN
Mamadou Sarr,,塞内加尔,2,SUB,,,,FBref+ESPN
Mory Diaw,,塞内加尔,3,"GK,SUB",23,,,FBref+ESPN
Moussa Niakhaté,,塞内加尔,3,"CB,CD-L",19,,,FBref+ESPN
Nicolas Jackson,,塞内加尔,3,"F,FW",11,,,FBref+ESPN
Pape Gueye,,塞内加尔,3,"DM,LM",26,,,FBref+ESPN
Pape Matar Sarr,,塞内加尔,3,"MF,SUB",17,,,FBref+ESPN
Pathé Ciss,,塞内加尔,3,"DF,MF,SUB",6,,,FBref+ESPN
Sadio Mané,,塞内加尔,3,"AM,AM-L",10,,,FBref+ESPN
Yehvann Diouf,,塞内加尔,2,SUB,,,,FBref+ESPN
Édouard Mendy,,塞内加尔,3,"G,GK",16,,,FBref+ESPN
Alexis Vega,,墨西哥,3,"FW,MF,SUB",10,,,FBref+ESPN
Armando González,,墨西哥,3,"FW,SUB",14,,,FBref+ESPN
Brian Gutiérrez,,墨西哥,4,"AM,CM,SUB",26,,,FBref+ESPN
Carlos Acevedo,,墨西哥,3,SUB,,,,FBref+ESPN
César Huerta,,墨西哥,4,"FW,MF,SUB",21,,,FBref+ESPN
César Montes,,墨西哥,3,"CB,CD-R",3,,,FBref+ESPN
Edson Álvarez,,墨西哥,5,"CB,CM,DF,MF,DM",4,,,FBref+ESPN
Erik Lira,,墨西哥,2,DM,6,,,FBref+ESPN
Gilberto Mora,,墨西哥,4,"CM,MF,RM",19,,,FBref+ESPN
Guillermo Martínez,,墨西哥,3,F,,,,FBref+ESPN
Guillermo Martínez Ayala,,墨西哥,1,FW,22,,,FBref+ESPN
Guillermo Ochoa,,墨西哥,4,"GK,SUB",13,,,FBref+ESPN
Israel Reyes,,墨西哥,5,"CB,CD-L,DF,MF,RB",15,,,FBref+ESPN
Jesús Gallardo,,墨西哥,5,"DF,MF,LB,SUB",23,,,FBref+ESPN
Johan Vásquez,,墨西哥,4,"CB,SUB",5,,,FBref+ESPN
Jorge Sánchez,,墨西哥,5,RB,2,,,FBref+ESPN
Julián Quiñones,,墨西哥,5,"FW,LF,LW",16,,,FBref+ESPN
Luis Chávez,,墨西哥,3,"MF,SUB",24,,,FBref+ESPN
Luis Romo,,墨西哥,5,"CM,LM",7,,,FBref+ESPN
Mateo Chávez,,墨西哥,4,LB,20,,,FBref+ESPN
Obed Vargas,,墨西哥,5,"MF,SUB",18,,,FBref+ESPN
Orbelín Pineda,,墨西哥,4,"FW,MF,SUB",17,,,FBref+ESPN
Raúl Jiménez,,墨西哥,4,"FW,SUB",9,,,FBref+ESPN
Raúl Rangel,,墨西哥,5,"G,GK",1,,,FBref+ESPN
Roberto Alvarado,,墨西哥,5,"FW,RF,RW",25,,,FBref+ESPN
Santiago Gimenez,,墨西哥,3,SUB,,,,FBref+ESPN
Santiago Giménez,,墨西哥,2,FW,11,,,FBref+ESPN
Álvaro Fidalgo,,墨西哥,4,"AM,MF,SUB",8,,,FBref+ESPN
Érik Lira,,墨西哥,3,SUB,,,,FBref+ESPN
Alessandro Schöpf,,奥地利,2,SUB,,,,FBref+ESPN
Alexander Prass,,奥地利,2,"DF,MF,SUB",22,,,FBref+ESPN
Alexander Schlager,,奥地利,3,"G,GK",1,,,FBref+ESPN
Carney Chukwuemeka,,奥地利,3,"MF,SUB",17,,,FBref+ESPN
David Affengruber,,奥地利,2,SUB,,,,FBref+ESPN
David Alaba,,奥地利,3,"CB,CD-L",8,,,FBref+ESPN
Dejan Ljubicic,,奥地利,2,SUB,,,,FBref+ESPN
Florian Grillitsch,,奥地利,2,SUB,,,,FBref+ESPN
Florian Wiegele,,奥地利,2,SUB,,,,FBref+ESPN
Kevin Danso,,奥地利,3,"CB,CD-R,DF,MF",3,,,FBref+ESPN
Konrad Laimer,,奥地利,3,"AM,LB",20,,,FBref+ESPN
Marcel Sabitzer,,奥地利,3,"AM,AM-L",9,,,FBref+ESPN
Marco Friedl,,奥地利,2,"DF,SUB",23,,,FBref+ESPN
Marko Arnautovic,,奥地利,2,SUB,,,,FBref+ESPN
Marko Arnautović,,奥地利,2,"FW,MF",7,,,FBref+ESPN
Michael Gregoritsch,,奥地利,2,"F,FW",11,,,FBref+ESPN
Michael Svoboda,,奥地利,2,SUB,,,,FBref+ESPN
Nicolas Seiwald,,奥地利,3,"DM,RM",6,,,FBref+ESPN
Patrick Pentz,,奥地利,2,SUB,,,,FBref+ESPN
Patrick Wimmer,,奥地利,3,"FW,MF,SUB",21,,,FBref+ESPN
Paul Wanner,,奥地利,3,"AM,MF",24,,,FBref+ESPN
Philipp Lienhart,,奥地利,3,"CB,SUB",15,,,FBref+ESPN
Phillipp Mwene,,奥地利,3,"LB,SUB",16,,,FBref+ESPN
Romano Schmid,,奥地利,3,"AM,AM-R",18,,,FBref+ESPN
Sasa Kalajdzic,,奥地利,2,SUB,,,,FBref+ESPN
Saša Kalajdžić,,奥地利,1,FW,14,,,FBref+ESPN
Stefan Posch,,奥地利,3,RB,5,,,FBref+ESPN
Xaver Schlager,,奥地利,3,"DM,LM",4,,,FBref+ESPN
Alejandro Romero Gamarra,,巴拉圭,3,SUB,,,,FBref+ESPN
Alex Arce,,巴拉圭,3,SUB,,,,FBref+ESPN
Alexandro Maidana,,巴拉圭,5,"DF,LB",26,,,FBref+ESPN
Andrés Cubas,,巴拉圭,6,CM,14,,,FBref+ESPN
Antonio Sanabria,,巴拉圭,4,"FW,SUB",9,,,FBref+ESPN
Braian Ojeda,,巴拉圭,3,SUB,,,,FBref+ESPN
Damián Bobadilla,,巴拉圭,6,"CM,MF,SUB",16,,,FBref+ESPN
Diego Gómez,,巴拉圭,6,"CM,CM-R,RW",8,,,FBref+ESPN
Fabián Balbuena,,巴拉圭,3,SUB,,,,FBref+ESPN
Gabriel Ávalos,,巴拉圭,5,"CF-R,FW",21,,,FBref+ESPN
Gastón Olveira,,巴拉圭,3,SUB,,,,FBref+ESPN
Gatito Fernández,,巴拉圭,3,SUB,,,,FBref+ESPN
Gustavo Caballero,,巴拉圭,3,SUB,,,,FBref+ESPN
Gustavo Gómez,,巴拉圭,6,"CB,CD",15,,,FBref+ESPN
Gustavo Velásquez,,巴拉圭,3,"CB,DF",2,,,FBref+ESPN
Gustavo Velázquez,,巴拉圭,3,CD-R,,,,FBref+ESPN
Isidro Pitta,,巴拉圭,4,"FW,SUB",25,,,FBref+ESPN
José Canale,,巴拉圭,5,"DF,SUB",13,,,FBref+ESPN
Juan Cáceres,,巴拉圭,3,RB,4,,,FBref+ESPN
Juan Jose Cáceres,,巴拉圭,3,RB,,,,FBref+ESPN
Julio Enciso,,巴拉圭,6,"CF-L,FW",19,,,FBref+ESPN
Júnior Alonso,,巴拉圭,6,"DF,LB,SUB",6,,,FBref+ESPN
Kaku,,巴拉圭,1,MF,17,,,FBref+ESPN
Matías Galarza,,巴拉圭,5,"CM,CM-L,LW",23,,,FBref+ESPN
Mauricio,,巴拉圭,2,MF,11,,,FBref+ESPN
Maurício,,巴拉圭,3,SUB,,,,FBref+ESPN
Miguel Almirón,,巴拉圭,4,"LW,RM,RW",10,,,FBref+ESPN
Omar Alderete,,巴拉圭,6,"CB,CD-L",3,,,FBref+ESPN
Orlando Gil,,巴拉圭,3,G,,,,FBref+ESPN
Orlando Gill,,巴拉圭,3,GK,12,,,FBref+ESPN
Ramón Sosa,,巴拉圭,4,"FW,MF,SUB",7,,,FBref+ESPN
Álex Arce,,巴拉圭,2,FW,18,,,FBref+ESPN
Adalberto Carrasquilla,,巴拿马,2,SUB,,,,FBref+ESPN
Alberto Quintero,,巴拿马,2,SUB,,,,FBref+ESPN
Amir Murillo,,巴拿马,2,RB,,,,FBref+ESPN
Andrés Andrade,,巴拿马,2,CD-L,,,,FBref+ESPN
Andrés Andrade Cedeño,,巴拿马,2,CB,16,,,FBref+ESPN
Aníbal Godoy,,巴拿马,2,"MF,SUB",20,,,FBref+ESPN
Azarias Londoño,,巴拿马,2,SUB,,,,FBref+ESPN
Azarías Londoño,,巴拿马,2,MF,24,,,FBref+ESPN
Carlos Harvey,,巴拿马,2,"CM,CM-R",14,,,FBref+ESPN
Cecilio Waterman,,巴拿马,2,"FW,FW,MF,SUB",18,,,FBref+ESPN
Cristian Martínez,,巴拿马,2,"FW,RM",6,,,FBref+ESPN
César Blackman,,巴拿马,2,"LB,LM",2,,,FBref+ESPN
César Samudio,,巴拿马,2,SUB,,,,FBref+ESPN
César Yanis,,巴拿马,2,SUB,,,,FBref+ESPN
Edgardo Fariña,,巴拿马,2,SUB,,,,FBref+ESPN
Erick Davis,,巴拿马,1,DF,15,,,FBref+ESPN
Fidel Escobar,,巴拿马,2,SUB,,,,FBref+ESPN
Ismael Díaz,,巴拿马,2,"FW,MF,SUB",10,,,FBref+ESPN
Jiovany Ramos,,巴拿马,2,"CB,CD-R",13,,,FBref+ESPN
Jorge Gutiérrez,,巴拿马,2,SUB,,,,FBref+ESPN
José Córdoba,,巴拿马,2,"CB,CD",3,,,FBref+ESPN
José Fajardo,,巴拿马,2,"F,FW",17,,,FBref+ESPN
José Luis Rodríguez,,巴拿马,2,"FW,LM",7,,,FBref+ESPN
Luis Mejía,,巴拿马,2,SUB,,,,FBref+ESPN
Michael Amir Murillo,,巴拿马,2,"RB,RM",23,,,FBref+ESPN
Orlando Mosquera,,巴拿马,2,"G,GK",22,,,FBref+ESPN
Roderick Miller,,巴拿马,2,SUB,,,,FBref+ESPN
Tomás Rodríguez,,巴拿马,2,"FW,SUB",9,,,FBref+ESPN
Yoel Bárcenas,,巴拿马,2,CM,11,,,FBref+ESPN
Édgar Yoel Bárcenas,,巴拿马,2,CM-L,,,,FBref+ESPN
Éric Davis,,巴拿马,2,SUB,,,,FBref+ESPN
Alex Sandro,,巴西,3,"DF,MF,SUB",6,,,FBref+ESPN
Alisson,,巴西,3,GK,1,,,FBref+ESPN
Alisson Becker,,巴西,3,G,,,,FBref+ESPN
Bremer,,巴西,3,SUB,,,,FBref+ESPN
Bruno Guimarães,,巴西,4,"CM,RM",8,,,FBref+ESPN
Casemiro,,巴西,4,"CM,DM",5,,,FBref+ESPN
Danilo,,巴西,4,"DF,MF,RB",13,,,FBref+ESPN
Danilo Santos,,巴西,4,"MF,SUB",18,,,FBref+ESPN
Douglas Santos,,巴西,4,LB,16,,,FBref+ESPN
Ederson,,巴西,1,SUB,,,,FBref+ESPN
Ederson ,,巴西,2,SUB,,,,FBref+ESPN
Endrick,,巴西,4,"FW,SUB",19,,,FBref+ESPN
Fabinho,,巴西,3,"DF,MF,SUB",17,,,FBref+ESPN
Gabriel Magalhães,,巴西,4,"CB,CD-L",3,,,FBref+ESPN
Gabriel Martinelli,,巴西,4,"FW,MF,SUB",22,,,FBref+ESPN
Igor Thiago,,巴西,3,"FW,SUB",25,,,FBref+ESPN
Lucas Paquetá,,巴西,4,"CM,LM,RW",20,,,FBref+ESPN
Luiz Henrique,,巴西,3,"FW,MF,SUB",21,,,FBref+ESPN
Léo Pereira,,巴西,3,SUB,,,,FBref+ESPN
Marquinhos,,巴西,4,"CB,CD-R",4,,,FBref+ESPN
Matheus Cunha,,巴西,4,"F,FW,FW,MF",9,,,FBref+ESPN
Neymar,,巴西,1,"FW,MF,SUB",10,,,FBref+ESPN
Raphinha,,巴西,2,"AM,FW,LW",11,,,FBref+ESPN
Raphinha ,,巴西,1,RF,,,,FBref+ESPN
Rayan,,巴西,4,"FW,MF,RF",26,,,FBref+ESPN
Roger Ibanez,,巴西,1,RB,24,,,FBref+ESPN
Roger Ibañez,,巴西,3,SUB,,,,FBref+ESPN
Vinicius Júnior,,巴西,3,FW,7,,,FBref+ESPN
Vinícius Júnior,,巴西,3,LF,,,,FBref+ESPN
Weverton,,巴西,3,SUB,,,,FBref+ESPN
Éderson,,巴西,3,SUB,,,,FBref+ESPN
Éderson Silva,,巴西,1,MF,2,,,FBref+ESPN
Ar'jany Martha,,库拉索,3,SUB,,,,FBref+ESPN
Armando Obispo,,库拉索,4,"CB,CD",18,,,FBref+ESPN
Brandley Kuwas,,库拉索,3,"FW,MF,SUB",17,,,FBref+ESPN
Deveron Fonville,,库拉索,4,"CB,CD-L,LB",24,,,FBref+ESPN
Eloy Room,,库拉索,4,"G,GK",1,,,FBref+ESPN
Gervane Kastaneer,,库拉索,4,"FW,MF,SUB",19,,,FBref+ESPN
Godfried Roemeratoe,,库拉索,4,"MF,SUB",6,,,FBref+ESPN
Jearl Margaritha,,库拉索,4,"FW,MF,SUB",16,,,FBref+ESPN
Jeremy Antonisse,,库拉索,3,"FW,MF,SUB",11,,,FBref+ESPN
Joshua Brenet,,库拉索,4,RB,20,,,FBref+ESPN
Juninho Bacuna,,库拉索,4,"DM,LM",7,,,FBref+ESPN
Juriën Gaari,,库拉索,4,"CB,CD-R",3,,,FBref+ESPN
Jürgen Locadia,,库拉索,4,"F,FW",9,,,FBref+ESPN
Kenji Gorré,,库拉索,4,"FW,MF,SUB",14,,,FBref+ESPN
Kevin Felida,,库拉索,3,SUB,,,,FBref+ESPN
Leandro Bacuna,,库拉索,4,"CM,CM-L,DM",10,,,FBref+ESPN
Livano Comenencia,,库拉索,4,"CM,CM-R,DM",8,,,FBref+ESPN
Riechedly Bazoer,,库拉索,3,"CB,SUB",23,,,FBref+ESPN
Roshon van Eijma,,库拉索,4,"DF,SUB",4,,,FBref+ESPN
Sherel Floranus,,库拉索,4,"CB,LB,RB",5,,,FBref+ESPN
Shurandy Sambo,,库拉索,3,"DF,SUB",2,,,FBref+ESPN
Sontje Hansen,,库拉索,3,"FW,SUB",12,,,FBref+ESPN
Tahith Chong,,库拉索,4,"AM,RM",21,,,FBref+ESPN
Trevor Doornbusch,,库拉索,3,SUB,,,,FBref+ESPN
Tyrese Noslin,,库拉索,3,"MF,SUB",13,,,FBref+ESPN
Tyrick Bodak,,库拉索,3,SUB,,,,FBref+ESPN
Aleksandar Pavlovic,,德国,3,"CM-L,DM",5,,,FBref+ESPN
Alexander Nübel,,德国,3,SUB,,,,FBref+ESPN
Angelo Stiller,,德国,3,"MF,SUB",16,,,FBref+ESPN
Antonio Rüdiger,,德国,3,"CB,CD-L,DF",2,,,FBref+ESPN
Assan Ouédraogo,,德国,3,SUB,,,,FBref+ESPN
David Raum,,德国,3,"DF,MF,LB,LM",22,,,FBref+ESPN
Deniz Undav,,德国,3,"FW,MF,SUB",26,,,FBref+ESPN
Felix Nmecha,,德国,3,"CM-R,DM",23,,,FBref+ESPN
Florian Wirtz,,德国,3,"AM,CF-L",17,,,FBref+ESPN
Jamal Musiala,,德国,3,"AM,CF-R",10,,,FBref+ESPN
Jamie Leweling,,德国,3,"FW,MF,SUB",9,,,FBref+ESPN
Jonathan Tah,,德国,3,"CB,CD",4,,,FBref+ESPN
Joshua Kimmich,,德国,3,"CD-R,RB",6,,,FBref+ESPN
Kai Havertz,,德国,3,"F,FW",7,,,FBref+ESPN
Leon Goretzka,,德国,3,"MF,SUB",8,,,FBref+ESPN
Leroy Sané,,德国,3,"AM,RM",19,,,FBref+ESPN
Malick Thiaw,,德国,3,"DF,MF,SUB",24,,,FBref+ESPN
Manuel Neuer,,德国,3,"G,GK",1,,,FBref+ESPN
Maximilian Beier,,德国,3,"FW,MF,SUB",14,,,FBref+ESPN
Nadiem Amiri,,德国,3,"MF,SUB",20,,,FBref+ESPN
Nathaniel Brown,,德国,2,LB,18,,,FBref+ESPN
Nick Woltemade,,德国,3,SUB,,,,FBref+ESPN
Nico Schlotterbeck,,德国,2,"CB,CD-L",15,,,FBref+ESPN
Oliver Baumann,,德国,3,SUB,,,,FBref+ESPN
Pascal Gross,,德国,3,SUB,,,,FBref+ESPN
Pascal Groß,,德国,1,"DF,MF",13,,,FBref+ESPN
Waldemar Anton,,德国,3,"DF,MF,SUB",3,,,FBref+ESPN
Alexander Sørloth,,挪威,3,"FW,RF",7,,,FBref+ESPN
Andreas Schjelderup,,挪威,3,"FW,MF,SUB",21,,,FBref+ESPN
Antonio Nusa,,挪威,3,"FW,LF",20,,,FBref+ESPN
David Møller Wolfe,,挪威,3,LB,5,,,FBref+ESPN
Egil Selvik,,挪威,2,SUB,,,,FBref+ESPN
Erling Haaland,,挪威,3,"F,FW",9,,,FBref+ESPN
Fredrik André Bjørkan,,挪威,2,SUB,,,,FBref+ESPN
Fredrik Aursnes,,挪威,3,"CM,LM",14,,,FBref+ESPN
Henrik Falchener,,挪威,2,SUB,,,,FBref+ESPN
Jens Petter Hauge,,挪威,2,SUB,,,,FBref+ESPN
Julian Ryerson,,挪威,3,RB,26,,,FBref+ESPN
Jørgen Strand Larsen,,挪威,2,SUB,,,,FBref+ESPN
Kristian Thorstvedt,,挪威,2,"MF,SUB",18,,,FBref+ESPN
Kristoffer Ajer,,挪威,3,"CB,CD-R",3,,,FBref+ESPN
Leo Østigard,,挪威,2,SUB,,,,FBref+ESPN
Leo Østigård,,挪威,2,"DF,FW",4,,,FBref+ESPN
Marcus Holmgren Pedersen,,挪威,2,SUB,,,,FBref+ESPN
Marcus Pedersen,,挪威,1,"DF,MF",16,,,FBref+ESPN
Martin Ødegaard,,挪威,3,"CM,RM",10,,,FBref+ESPN
Morten Thorsby,,挪威,2,SUB,,,,FBref+ESPN
Oscar Bobb,,挪威,3,"FW,MF,SUB",22,,,FBref+ESPN
Patrick Berg,,挪威,3,"DF,MF,SUB",6,,,FBref+ESPN
Sander Berge,,挪威,3,"CM,DM",8,,,FBref+ESPN
Sander Tangvik,,挪威,2,SUB,,,,FBref+ESPN
Sondre Langas,,挪威,2,SUB,,,,FBref+ESPN
Thelo Aasgaard,,挪威,2,SUB,,,,FBref+ESPN
Torbjørn Heggem,,挪威,3,"CB,CD-L",17,,,FBref+ESPN
Ørjan Nyland,,挪威,3,"G,GK",1,,,FBref+ESPN
Adam Hlozek,,捷克,3,F,,,,FBref+ESPN
Adam Hložek,,捷克,3,"FW,FW,MF",9,,,FBref+ESPN
Alexandr Sojka,,捷克,5,"CM,LB,MF,SUB",24,,,FBref+ESPN
David Doudera,,捷克,3,LM,,,,FBref+ESPN
David Douděra,,捷克,1,LM,21,,,FBref+ESPN
David Jurásek,,捷克,1,SUB,,,,FBref+ESPN
David Zima,,捷克,3,"DF,SUB",2,,,FBref+ESPN
Denis Visinský,,捷克,3,CF-L,,,,FBref+ESPN
Denis Višinský,,捷克,1,FW,26,,,FBref+ESPN
Hugo Sochurek,,捷克,3,SUB,,,,FBref+ESPN
Jan Kuchta,,捷克,3,SUB,,,,FBref+ESPN
Jaroslav Zelený,,捷克,4,"DF,MF,LM,SUB",20,,,FBref+ESPN
Jindrich Stanek,,捷克,3,SUB,,,,FBref+ESPN
Ladislav Krejcí,,捷克,3,CD-L,,,,FBref+ESPN
Ladislav Krejčí,,捷克,3,CB,7,,,FBref+ESPN
Lukás Cerv,,捷克,3,CM-R,,,,FBref+ESPN
Lukás Hornícek,,捷克,3,SUB,,,,FBref+ESPN
Lukás Provod,,捷克,3,SUB,,,,FBref+ESPN
Lukáš Provod,,捷克,3,"FW,FW,MF",17,,,FBref+ESPN
Lukáš Červ,,捷克,2,CM,12,,,FBref+ESPN
Matej Kovar,,捷克,3,GK,1,,,FBref+ESPN
Matej Kovár,,捷克,3,G,,,,FBref+ESPN
Michal Sadílek,,捷克,5,"CM,CM-L,DF,FW",18,,,FBref+ESPN
Mojmír Chytil,,捷克,4,"FW,SUB",13,,,FBref+ESPN
Patrik Schick,,捷克,5,"FW,SUB",10,,,FBref+ESPN
Pavel Sulc,,捷克,3,CF-R,,,,FBref+ESPN
Pavel Šulc,,捷克,3,"FW,FW,MF",15,,,FBref+ESPN
Robin Hranác,,捷克,3,CD,,,,FBref+ESPN
Robin Hranáč,,捷克,3,CB,4,,,FBref+ESPN
Stepán Chaloupek,,捷克,3,SUB,,,,FBref+ESPN
Tomás Chorý,,捷克,3,SUB,,,,FBref+ESPN
Tomás Holes,,捷克,3,CD-R,,,,FBref+ESPN
Tomás Soucek,,捷克,3,SUB,,,,FBref+ESPN
Tomáš Chorý,,捷克,2,FW,19,,,FBref+ESPN
Tomáš Holeš,,捷克,2,CB,3,,,FBref+ESPN
Tomáš Souček,,捷克,3,"CM,MF",22,,,FBref+ESPN
Vladimír Coufal,,捷克,5,"RB,RM",5,,,FBref+ESPN
Vladimír Darida,,捷克,3,"CM,SUB",8,,,FBref+ESPN
Štěpán Chaloupek,,捷克,1,CB,6,,,FBref+ESPN
Achraf Hakimi,,摩洛哥,3,RB,2,,,FBref+ESPN
Ahmed Reda Tagnaouti,,摩洛哥,3,SUB,,,,FBref+ESPN
Amine Sbaï,,摩洛哥,3,SUB,,,,FBref+ESPN
Anass Salah-Eddine,,摩洛哥,3,"DF,LB",26,,,FBref+ESPN
Ayoub El Kaabi,,摩洛哥,3,"F,FW",20,,,FBref+ESPN
Ayoube Amaimouni,,摩洛哥,3,"MF,SUB",21,,,FBref+ESPN
Ayyoub Bouaddi,,摩洛哥,3,"DM,SUB",6,,,FBref+ESPN
Azzedine Ounahi,,摩洛哥,3,"AM,MF,SUB",8,,,FBref+ESPN
Bilal El Khannouss,,摩洛哥,3,"AM,AM-L,LW",23,,,FBref+ESPN
Brahim Díaz,,摩洛哥,3,"AM,AM-R,RW",10,,,FBref+ESPN
Chadi Riad,,摩洛哥,3,"CB,CD-L",18,,,FBref+ESPN
Chemsdine Talbi,,摩洛哥,3,"MF,SUB",7,,,FBref+ESPN
Gessime Yassine,,摩洛哥,3,"MF,SUB",16,,,FBref+ESPN
Ismael Saibari,,摩洛哥,3,"AM,FW",11,,,FBref+ESPN
Issa Diop,,摩洛哥,3,"CB,SUB",14,,,FBref+ESPN
Marwane Saadane,,摩洛哥,3,SUB,,,,FBref+ESPN
Munir El Kajoui,,摩洛哥,3,SUB,,,,FBref+ESPN
Neil El Aynaoui,,摩洛哥,3,"CM,DM,RM",24,,,FBref+ESPN
Noussair Mazraoui,,摩洛哥,3,"DF,MF,LB,SUB",3,,,FBref+ESPN
Redouane Halhal,,摩洛哥,3,"CB,CD-R",25,,,FBref+ESPN
Samir El Mourabet,,摩洛哥,3,"MF,SUB",15,,,FBref+ESPN
Sofyan Amrabat,,摩洛哥,3,"CM,LM",4,,,FBref+ESPN
Soufiane Rahimi,,摩洛哥,3,"FW,SUB",9,,,FBref+ESPN
Yassine Bounou,,摩洛哥,3,"G,GK",1,,,FBref+ESPN
Youssef Belammari,,摩洛哥,3,SUB,,,,FBref+ESPN
Zakaria El Ouahdi,,摩洛哥,3,SUB,,,,FBref+ESPN
Alex Paulsen,,新西兰,2,SUB,,,,FBref+ESPN
Alex Rufer,,新西兰,2,SUB,,,,FBref+ESPN
Ben Old,,新西兰,4,"MF,SUB",19,,,FBref+ESPN
Ben Waine,,新西兰,2,SUB,,,,FBref+ESPN
Callan Elliot,,新西兰,3,"DF,SUB",24,,,FBref+ESPN
Callum McCowatt,,新西兰,4,"AM,AM-R",20,,,FBref+ESPN
Chris Wood,,新西兰,4,"F,FW",9,,,FBref+ESPN
Elijah Just,,新西兰,4,"AM,AM-L",11,,,FBref+ESPN
Finn Surman,,新西兰,4,"CB,CD-R",16,,,FBref+ESPN
Francis de Vries,,新西兰,3,"DF,SUB",3,,,FBref+ESPN
Jesse Randall,,新西兰,4,"MF,SUB",21,,,FBref+ESPN
Joe Bell,,新西兰,4,"DM,RM",6,,,FBref+ESPN
Kosta Barbarouses,,新西兰,2,SUB,,,,FBref+ESPN
Lachlan Bayliss,,新西兰,2,SUB,,,,FBref+ESPN
Liberato Cacace,,新西兰,4,LB,13,,,FBref+ESPN
Logan Rogerson,,新西兰,1,SUB,,,,FBref+ESPN
Marko Stamenic,,新西兰,4,"DM,LM",8,,,FBref+ESPN
Max Crocombe,,新西兰,4,"G,GK",1,,,FBref+ESPN
Michael Boxall,,新西兰,4,"CB,CD-L",5,,,FBref+ESPN
Michael Woud,,新西兰,2,SUB,,,,FBref+ESPN
Nando Pijnaker,,新西兰,2,SUB,,,,FBref+ESPN
Ryan Thomas,,新西兰,4,"FW,MF,SUB",23,,,FBref+ESPN
Sarpreet Singh,,新西兰,4,AM,10,,,FBref+ESPN
Tim Payne,,新西兰,4,RB,2,,,FBref+ESPN
Tommy Smith,,新西兰,2,SUB,,,,FBref+ESPN
Tyler Bindon,,新西兰,4,"DF,SUB",4,,,FBref+ESPN
Ao Tanaka,,日本,4,"CM-R,DM",7,,,FBref+ESPN
Ayase Ueda,,日本,4,"F,FW",18,,,FBref+ESPN
Ayumu Seko,,日本,4,"CB,CD-R,DF,MF",20,,,FBref+ESPN
Daichi Kamada,,日本,4,"AM,CM-L,DM",15,,,FBref+ESPN
Daizen Maeda,,日本,3,"AM,CF-L",11,,,FBref+ESPN
Hiroki Ito,,日本,4,"CB,CD-L",21,,,FBref+ESPN
Junnosuke Suzuki,,日本,4,"DF,SUB",25,,,FBref+ESPN
Junya Ito,,日本,3,SUB,,,,FBref+ESPN
Junya Itō,,日本,3,"AM,FW,MF",14,,,FBref+ESPN
Kaishu Sano,,日本,3,SUB,,,,FBref+ESPN
Kaishū Sano,,日本,2,DM,24,,,FBref+ESPN
Keisuke Goto,,日本,3,SUB,,,,FBref+ESPN
Keisuke Gotō,,日本,1,FW,9,,,FBref+ESPN
Keisuke Osako,,日本,3,SUB,,,,FBref+ESPN
Keito Nakamura,,日本,4,"DM,LM",13,,,FBref+ESPN
Kento Shiogai,,日本,3,"FW,SUB",26,,,FBref+ESPN
Ko Itakura,,日本,2,CB,4,,,FBref+ESPN
Koki Ogawa,,日本,3,SUB,,,,FBref+ESPN
Kou Itakura,,日本,3,CD,,,,FBref+ESPN
Kōki Ogawa,,日本,2,FW,19,,,FBref+ESPN
Ritsu Doan,,日本,4,"AM,CF-R,DM",10,,,FBref+ESPN
Shogo Taniguchi,,日本,3,"CB,DF,MF,SUB",3,,,FBref+ESPN
Shuto Machino,,日本,2,SUB,,,,FBref+ESPN
Takefusa Kubo,,日本,1,"AM,CF-R",8,,,FBref+ESPN
Takehiro Tomiyasu,,日本,4,"CB,DF,SUB",22,,,FBref+ESPN
Tomoki Hayakawa,,日本,3,SUB,,,,FBref+ESPN
Tsuyoshi Watanabe,,日本,3,"CB,DF,SUB",16,,,FBref+ESPN
Yuito Suzuki,,日本,4,"FW,MF,SUB",17,,,FBref+ESPN
Yukinari Sugawara,,日本,4,"DF,FW,DM,RM",2,,,FBref+ESPN
Yuto Nagatomo,,日本,3,SUB,,,,FBref+ESPN
Yūto Nagatomo,,日本,1,"DF,MF",5,,,FBref+ESPN
Zion Suzuki,,日本,4,"G,GK",1,,,FBref+ESPN
Alexis Saelemaekers,,比利时,2,"AM,AM-R",22,,,FBref+ESPN
Amadou Onana,,比利时,2,"DM,SUB",24,,,FBref+ESPN
Arthur Theate,,比利时,2,"DF,SUB",3,,,FBref+ESPN
Axel Witsel,,比利时,2,SUB,,,,FBref+ESPN
Brandon Mechele,,比利时,2,"CB,CD-L",4,,,FBref+ESPN
Charles De Ketelaere,,比利时,2,"FW,SUB",17,,,FBref+ESPN
Diego Moreira,,比利时,2,SUB,,,,FBref+ESPN
Dodi Lukebakio,,比利时,1,"FW,MF",14,,,FBref+ESPN
Dodi Lukébakio,,比利时,2,SUB,,,,FBref+ESPN
Hans Vanaken,,比利时,2,"MF,SUB",20,,,FBref+ESPN
Jeremy Doku,,比利时,1,AM,11,,,FBref+ESPN
Joaquin Seys,,比利时,2,SUB,,,,FBref+ESPN
Jérémy Doku,,比利时,1,AM-L,,,,FBref+ESPN
Kevin De Bruyne,,比利时,2,AM,7,,,FBref+ESPN
Koni De Winter,,比利时,2,SUB,,,,FBref+ESPN
Leandro Trossard,,比利时,2,"AM,AM-L",10,,,FBref+ESPN
Matias Fernandez-Pardo,,比利时,2,"FW,MF,SUB",26,,,FBref+ESPN
Maxim De Cuyper,,比利时,2,"DF,MF,LB",5,,,FBref+ESPN
Mike Penders,,比利时,2,SUB,,,,FBref+ESPN
Nathan Ngoy,,比利时,2,"CB,CD-R",25,,,FBref+ESPN
Nicolas Raskin,,比利时,2,"DM,MF,RM",23,,,FBref+ESPN
Romelu Lukaku,,比利时,2,"F,FW",9,,,FBref+ESPN
Senne Lammens,,比利时,2,SUB,,,,FBref+ESPN
Thibaut Courtois,,比利时,2,"G,GK",1,,,FBref+ESPN
Thomas Meunier,,比利时,2,RB,15,,,FBref+ESPN
Timothy Castagne,,比利时,2,"DF,MF,LB,SUB",21,,,FBref+ESPN
Youri Tielemans,,比利时,2,"DM,LM",8,,,FBref+ESPN
Aaron Tshibola,,民主刚果,2,SUB,,,,FBref+ESPN
Aaron Wan-Bissaka,,民主刚果,3,RB,2,,,FBref+ESPN
Arthur Masuaku,,民主刚果,3,LB,26,,,FBref+ESPN
Axel Tuanzebe,,民主刚果,3,"CB,CD",4,,,FBref+ESPN
Brian Cipenga,,民主刚果,2,SUB,,,,FBref+ESPN
Chancel Mbemba,,民主刚果,3,"CB,CD-R",22,,,FBref+ESPN
Charles Pickel,,民主刚果,3,"DF,MF,SUB",18,,,FBref+ESPN
Cédric Bakambu,,民主刚果,3,"CF-R,FW",17,,,FBref+ESPN
Dylan Batubinsika,,民主刚果,2,SUB,,,,FBref+ESPN
Edo Kayembe,,民主刚果,3,"CM,CM-L",25,,,FBref+ESPN
Fiston Mayele,,民主刚果,2,SUB,,,,FBref+ESPN
Gaël Kakuta,,民主刚果,2,SUB,,,,FBref+ESPN
Gédéon Kalulu,,民主刚果,2,"DF,SUB",24,,,FBref+ESPN
Joris Kayembe,,民主刚果,3,"DF,FW,SUB",12,,,FBref+ESPN
Lionel Mpasi,,民主刚果,3,"G,GK",1,,,FBref+ESPN
Matthieu Epolo,,民主刚果,2,SUB,,,,FBref+ESPN
Meschack Elia,,民主刚果,2,SUB,,,,FBref+ESPN
Nathanaël Mbuku,,民主刚果,3,"MF,SUB",7,,,FBref+ESPN
Ngal'Ayel Mukau,,民主刚果,2,CM,6,,,FBref+ESPN
Ngal'ayel Mukau,,民主刚果,2,CM-R,,,,FBref+ESPN
Noah Sadiki,,民主刚果,3,"MF,SUB",14,,,FBref+ESPN
Samuel Moutoussamy,,民主刚果,3,CM,8,,,FBref+ESPN
Simon Banza,,民主刚果,3,"FW,MF,SUB",23,,,FBref+ESPN
Steve Kapuadi,,民主刚果,3,"CB,CD-L",3,,,FBref+ESPN
Théo Bongonda,,民主刚果,2,SUB,,,,FBref+ESPN
Timothy Fayulu,,民主刚果,2,SUB,,,,FBref+ESPN
Yoane Wissa,,民主刚果,3,"CF-L,FW",20,,,FBref+ESPN
Abdulelah Al-Amri,,沙特,2,"CB,CD-R",4,,,FBref+ESPN
Abdullah Al-Hamdan,,沙特,2,"FW,SUB",19,,,FBref+ESPN
Abdullah Al-Khaibari,,沙特,2,"CM,CM-R",15,,,FBref+ESPN
Ahmed Al-Kassar,,沙特,2,SUB,,,,FBref+ESPN
Aiman Yahya,,沙特,2,SUB,,,,FBref+ESPN
Ala Al-Hajji,,沙特,2,SUB,,,,FBref+ESPN
Alaa Al Hejji,,沙特,2,MF,18,,,FBref+ESPN
Ali Lajami,,沙特,2,"CB,CD,DF",3,,,FBref+ESPN
Ali Majrashi,,沙特,2,SUB,,,,FBref+ESPN
Feras Al-Brikan,,沙特,2,F,,,,FBref+ESPN
Firas Al-Buraikan,,沙特,2,FW,9,,,FBref+ESPN
Hassan Al Tambakti,,沙特,2,CB,5,,,FBref+ESPN
Hassan Al-Tambakti,,沙特,2,CD-L,,,,FBref+ESPN
Hassan Kadish,,沙特,2,SUB,,,,FBref+ESPN
Jehad Thakri,,沙特,2,SUB,,,,FBref+ESPN
Khalid Al Ghannam,,沙特,1,MF,17,,,FBref+ESPN
Khalid Al-Ghannam,,沙特,2,SUB,,,,FBref+ESPN
Mohamed Kanno,,沙特,2,"CM,MF,SUB",23,,,FBref+ESPN
Mohammed Abu Al-Shamat,,沙特,2,"DF,MF,RW,SUB",26,,,FBref+ESPN
Mohammed Al-Owais,,沙特,2,"G,GK",21,,,FBref+ESPN
Moteb Al-Harbi,,沙特,2,LB,24,,,FBref+ESPN
Musab Al Juwayr,,沙特,2,"FW,RM",7,,,FBref+ESPN
Musab Al-Juwayr,,沙特,2,RM,,,,FBref+ESPN
Nasser Al-Dawsari,,沙特,2,"CM,CM-L,DF,MF",6,,,FBref+ESPN
Nawaf Al-Aqidi,,沙特,2,SUB,,,,FBref+ESPN
Nawaf Boushal,,沙特,2,"DF,SUB",13,,,FBref+ESPN
Saleh Al-Shehri,,沙特,2,SUB,,,,FBref+ESPN
Salem Al-Dawsari,,沙特,2,"LM,LW",10,,,FBref+ESPN
Saud Abdulhamid,,沙特,2,RB,12,,,FBref+ESPN
Sultan Mandash,,沙特,2,SUB,,,,FBref+ESPN
Ziyad Al-Johani,,沙特,2,SUB,,,,FBref+ESPN
Adrien Rabiot,,法国,2,"DM,LM",14,,,FBref+ESPN
Aurélien Tchouaméni,,法国,2,"DM,SUB",8,,,FBref+ESPN
Bradley Barcola,,法国,2,"AM,AM-L,FW,MF",12,,,FBref+ESPN
Brice Samba,,法国,2,SUB,,,,FBref+ESPN
Dayot Upamecano,,法国,2,"CB,CD-R",4,,,FBref+ESPN
Désiré Doué,,法国,2,"AM,FW,MF,SUB",20,,,FBref+ESPN
Ibrahima Konaté,,法国,2,SUB,,,,FBref+ESPN
Jean-Philippe Mateta,,法国,2,SUB,,,,FBref+ESPN
Jules Koundé,,法国,2,RB,5,,,FBref+ESPN
Kylian Mbappé,,法国,2,"F,FW",10,,,FBref+ESPN
Lucas Digne,,法国,2,LB,3,,,FBref+ESPN
Lucas Hernández,,法国,2,SUB,,,,FBref+ESPN
Maghnes Akliouche,,法国,2,"MF,SUB",25,,,FBref+ESPN
Malo Gusto,,法国,2,"DF,MF,SUB",2,,,FBref+ESPN
Manu Koné,,法国,2,"DM,RM",6,,,FBref+ESPN
Marcus Thuram,,法国,2,"FW,MF,SUB",9,,,FBref+ESPN
Maxence Lacroix,,法国,2,SUB,,,,FBref+ESPN
Michael Olise,,法国,2,AM,11,,,FBref+ESPN
Mike Maignan,,法国,2,"G,GK",16,,,FBref+ESPN
N'Golo Kanté,,法国,2,SUB,,,,FBref+ESPN
Ousmane Dembélé,,法国,2,"AM,AM-R",7,,,FBref+ESPN
Rayan Cherki,,法国,2,"FW,MF,SUB",24,,,FBref+ESPN
Robin Risser,,法国,2,SUB,,,,FBref+ESPN
Theo Hernández,,法国,2,"LB,SUB",19,,,FBref+ESPN
Warren Zaïre-Emery,,法国,2,SUB,,,,FBref+ESPN
William Saliba,,法国,2,"CB,CD-L",17,,,FBref+ESPN
Amar Dedic,,波黑,3,SUB,,,,FBref+ESPN
Amar Dedić,,波黑,2,RB,7,,,FBref+ESPN
Amar Memic,,波黑,3,SUB,,,,FBref+ESPN
Amar Memić,,波黑,3,"LW,MF,RW",15,,,FBref+ESPN
Amir Hadziahmetovic,,波黑,3,SUB,,,,FBref+ESPN
Amir Hadžiahmetović,,波黑,1,MF,16,,,FBref+ESPN
Arjan Malic,,波黑,3,RB,24,,,FBref+ESPN
Armin Gigovic,,波黑,3,"MF,SUB",8,,,FBref+ESPN
Benjamin Tahirovic,,波黑,3,"CM,MF,SUB",6,,,FBref+ESPN
Dennis Hadzikadunic,,波黑,3,SUB,,,,FBref+ESPN
Dennis Hadžikadunić,,波黑,1,DF,3,,,FBref+ESPN
Dzenis Burnic,,波黑,3,SUB,,,,FBref+ESPN
Dženis Burnić,,波黑,2,MF,17,,,FBref+ESPN
Edin Dzeko,,波黑,3,CF-L,,,,FBref+ESPN
Edin Džeko,,波黑,2,FW,11,,,FBref+ESPN
Ermedin Demirovic,,波黑,3,CF-R,,,,FBref+ESPN
Ermedin Demirović,,波黑,3,FW,10,,,FBref+ESPN
Ermin Mahmic,,波黑,3,SUB,,,,FBref+ESPN
Ermin Mahmić,,波黑,2,MF,26,,,FBref+ESPN
Esmir Bajraktarevic,,波黑,3,"MF,RM,RW",20,,,FBref+ESPN
Haris Tabakovic,,波黑,3,SUB,,,,FBref+ESPN
Ivan Basic,,波黑,3,CM-R,,,,FBref+ESPN
Ivan Bašić,,波黑,3,"CM,MF",13,,,FBref+ESPN
Ivan Sunjic,,波黑,3,CM-L,,,,FBref+ESPN
Ivan Šunjić,,波黑,3,"CM,MF",14,,,FBref+ESPN
Jovo Lukic,,波黑,3,SUB,,,,FBref+ESPN
Jovo Lukić,,波黑,2,FW,25,,,FBref+ESPN
Kerim Alajbegovic,,波黑,3,LM,,,,FBref+ESPN
Kerim Alajbegović,,波黑,3,"LW,MF",19,,,FBref+ESPN
Martin Zlomislic,,波黑,3,SUB,,,,FBref+ESPN
Mladen Jurkas,,波黑,3,SUB,,,,FBref+ESPN
Nihad Mujakic,,波黑,3,SUB,,,,FBref+ESPN
Nikola Katic,,波黑,3,CD-R,,,,FBref+ESPN
Nikola Katić,,波黑,3,CB,18,,,FBref+ESPN
Nikola Vasilj,,波黑,3,"G,GK",1,,,FBref+ESPN
Samed Bazdar,,波黑,3,SUB,,,,FBref+ESPN
Samed Baždar,,波黑,1,FW,9,,,FBref+ESPN
Sead Kolasinac,,波黑,3,LB,,,,FBref+ESPN
Sead Kolašinac,,波黑,3,LB,5,,,FBref+ESPN
Stjepan Radeljic,,波黑,3,CD-L,,,,FBref+ESPN
Stjepan Radeljić,,波黑,1,CB,21,,,FBref+ESPN
Tarik Muharemovic,,波黑,2,"CB,CD-L",4,,,FBref+ESPN
Alexandre Pierre,,海地,3,SUB,,,,FBref+ESPN
Carl Sainté,,海地,3,SUB,,,,FBref+ESPN
Carlens Arcus,,海地,5,"DF,DM,RB,SUB",2,,,FBref+ESPN
Danley Jean Jacques,,海地,3,CM-R,,,,FBref+ESPN
Danley Jean-Jacques,,海地,3,"CM,DM",17,,,FBref+ESPN
Derrick Etienne,,海地,1,"FW,MF",7,,,FBref+ESPN
Derrick Etienne Jr.,,海地,3,SUB,,,,FBref+ESPN
Dominique Simon,,海地,4,"MF,SUB",25,,,FBref+ESPN
Duckens Nazon,,海地,3,"FW,MF,SUB",9,,,FBref+ESPN
Frantzdy Pierrot,,海地,5,"FW,SUB",20,,,FBref+ESPN
Garven Metusala,,海地,3,SUB,,,,FBref+ESPN
Hannes Delcroix,,海地,5,"CB,CD-L",5,,,FBref+ESPN
Jean-Kevin Duverne,,海地,2,"CB,RB",22,,,FBref+ESPN
Jean-Kévin Duverne,,海地,3,RB,,,,FBref+ESPN
Jean-Ricner Bellegarde,,海地,5,"CM,CM-L,DM",10,,,FBref+ESPN
Johny Placide,,海地,5,"G,GK",1,,,FBref+ESPN
Josué Casimir,,海地,5,"AM,FW,MF,RM,RW",21,,,FBref+ESPN
Josué Duverger,,海地,3,SUB,,,,FBref+ESPN
Keeto Thermoncy,,海地,3,SUB,,,,FBref+ESPN
Lenny Joseph,,海地,5,"F,FW,FW,MF",16,,,FBref+ESPN
Louicius Deedson,,海地,5,"MF,RW,SUB",11,,,FBref+ESPN
Markhus Lacroix,,海地,3,SUB,,,,FBref+ESPN
Martin Expérience,,海地,5,"DM,LB",8,,,FBref+ESPN
Ricardo Adé,,海地,5,"CB,CD-R",4,,,FBref+ESPN
Ruben Providence,,海地,5,"AM,LM,LW",15,,,FBref+ESPN
Wilguens Paugain,,海地,3,SUB,,,,FBref+ESPN
Wilson Isidor,,海地,5,"FW,FW,MF,RCF",18,,,FBref+ESPN
Woodensky Pierre,,海地,3,SUB,,,,FBref+ESPN
Yassin Fortuné,,海地,4,"FW,MF,SUB",19,,,FBref+ESPN
Aiden O'Neill,,澳大利亚,5,"CM,CM-R,DM",13,,,FBref+ESPN
Ajdin Hrustic,,澳大利亚,4,"MF,SUB",10,,,FBref+ESPN
Alessandro Circati,,澳大利亚,5,"CB,CD-R",3,,,FBref+ESPN
Awer Mabil,,澳大利亚,3,SUB,,,,FBref+ESPN
Aziz Behich,,澳大利亚,5,"DF,MF,DM,LM",16,,,FBref+ESPN
Cameron Burgess,,澳大利亚,4,"CB,SUB",21,,,FBref+ESPN
Cameron Devlin,,澳大利亚,3,SUB,,,,FBref+ESPN
Connor Metcalfe,,澳大利亚,5,"AM,CF-L,DF,FW,RM",8,,,FBref+ESPN
Cristian Volpato,,澳大利亚,4,"AM,CF-R,MF",20,,,FBref+ESPN
Harry Souttar,,澳大利亚,5,"CB,CD",19,,,FBref+ESPN
Jackson Irvine,,澳大利亚,5,"CM-L,DF,MF,DM",22,,,FBref+ESPN
Jacob Italiano,,澳大利亚,3,RB,4,,,FBref+ESPN
Jason Geria,,澳大利亚,4,"DF,SUB",6,,,FBref+ESPN
Jordan Bos,,澳大利亚,3,RM,,,,FBref+ESPN
Jordy Bos,,澳大利亚,3,"DM,LB",5,,,FBref+ESPN
Kai Trewin,,澳大利亚,3,SUB,,,,FBref+ESPN
Lucas Herrington,,澳大利亚,4,"CB,CD-L",25,,,FBref+ESPN
Mathew Leckie,,澳大利亚,2,RM,7,,,FBref+ESPN
Mathew Ryan,,澳大利亚,3,SUB,,,,FBref+ESPN
Milos Degenek,,澳大利亚,3,SUB,,,,FBref+ESPN
Mo Touré,,澳大利亚,2,FW,9,,,FBref+ESPN
Mohamed Toure,,澳大利亚,3,SUB,,,,FBref+ESPN
Nestory Irankunda,,澳大利亚,5,"F,FW,FW,MF,LM",17,,,FBref+ESPN
Nishan Velupillay,,澳大利亚,4,"LM,MF,SUB",23,,,FBref+ESPN
Patrick Beach,,澳大利亚,5,"G,GK",18,,,FBref+ESPN
Paul Izzo,,澳大利亚,3,SUB,,,,FBref+ESPN
Paul Okon-Engstler,,澳大利亚,5,"CM,MF,SUB",24,,,FBref+ESPN
Tete Yengi,,澳大利亚,5,"FW,SUB",26,,,FBref+ESPN
Alexander Bernhardsson,,瑞典,4,"DM,RM,RW",21,,,FBref+ESPN
Alexander Isak,,瑞典,4,"CF-L,FW",9,,,FBref+ESPN
Anthony Elanga,,瑞典,4,"CF-R,FW,FW,MF",11,,,FBref+ESPN
Benjamin Nygren,,瑞典,4,"AM,FW,MF,SUB",10,,,FBref+ESPN
Besfort Zeneli,,瑞典,3,"MF,SUB",22,,,FBref+ESPN
Carl Starfelt,,瑞典,3,"DF,SUB",15,,,FBref+ESPN
Daniel Svensson,,瑞典,4,"DF,MF,SUB",8,,,FBref+ESPN
Elliot Stroud,,瑞典,4,"LM,MF",24,,,FBref+ESPN
Eric Smith,,瑞典,3,SUB,,,,FBref+ESPN
Gabriel Gudmundsson,,瑞典,4,"CB,CD-L,DM,LW",5,,,FBref+ESPN
Gustaf Lagerbielke,,瑞典,4,"CB,CD-R",2,,,FBref+ESPN
Gustaf Nilsson,,瑞典,3,SUB,,,,FBref+ESPN
Herman Johansson,,瑞典,3,SUB,,,,FBref+ESPN
Hjalmar Ekdal,,瑞典,3,SUB,,,,FBref+ESPN
Isak Hien,,瑞典,4,"CB,CD",4,,,FBref+ESPN
Jacob Widell Zetterström,,瑞典,3,"G,GK",1,,,FBref+ESPN
Jesper Karlström,,瑞典,4,"DM,SUB",16,,,FBref+ESPN
Ken Sema,,瑞典,3,"FW,MF,SUB",13,,,FBref+ESPN
Kristoffer Nordfeldt,,瑞典,4,"GK,SUB",23,,,FBref+ESPN
Lucas Bergvall,,瑞典,4,"MF,SUB",7,,,FBref+ESPN
Mattias Svanberg,,瑞典,4,"MF,SUB",19,,,FBref+ESPN
Taha Ali,,瑞典,3,"FW,MF,SUB",26,,,FBref+ESPN
Victor Lindelöf,,瑞典,4,"CB,CM,CM-R",3,,,FBref+ESPN
Viktor Gyökeres,,瑞典,4,"F,FW",17,,,FBref+ESPN
Viktor Johansson,,瑞典,3,SUB,,,,FBref+ESPN
Yasin Ayari,,瑞典,4,"AM,CM,CM-L,DM",18,,,FBref+ESPN
Ardon Jashari,,瑞士,3,"MF,SUB",14,,,FBref+ESPN
Aurèle Amenda,,瑞士,3,SUB,,,,FBref+ESPN
Breel Embolo,,瑞士,3,"F,FW",7,,,FBref+ESPN
Cedric Itten,,瑞士,3,"FW,MF,SUB",26,,,FBref+ESPN
Christian Fassnacht,,瑞士,3,"FW,MF,SUB",16,,,FBref+ESPN
Dan Ndoye,,瑞士,3,"AM,FW,FW,MF,SUB",11,,,FBref+ESPN
Denis Zakaria,,瑞士,3,"RB,SUB",6,,,FBref+ESPN
Djibril Sow,,瑞士,3,"AM-R,MF,RW",15,,,FBref+ESPN
Eray Cömert,,瑞士,3,SUB,,,,FBref+ESPN
Fabian Rieder,,瑞士,3,"CM,FW,MF,SUB",22,,,FBref+ESPN
Granit Xhaka,,瑞士,3,"CM,DM,LM",10,,,FBref+ESPN
Gregor Kobel,,瑞士,3,"G,GK",1,,,FBref+ESPN
Johan Manzambi,,瑞士,3,"AM,FW,MF",9,,,FBref+ESPN
Luca Jaquez,,瑞士,3,"DF,RB",25,,,FBref+ESPN
Manuel Akanji,,瑞士,3,"CB,CD-L",5,,,FBref+ESPN
Marvin Keller,,瑞士,3,SUB,,,,FBref+ESPN
Michel Aebischer,,瑞士,3,"AM,FW,MF,SUB",20,,,FBref+ESPN
Miro Muheim,,瑞士,1,"DF,MF,SUB",2,,,FBref+ESPN
Nico Elvedi,,瑞士,3,"CB,CD-R",4,,,FBref+ESPN
Noah Okafor,,瑞士,3,SUB,,,,FBref+ESPN
Remo Freuler,,瑞士,3,"CM,DM,RM",8,,,FBref+ESPN
Ricardo Rodríguez,,瑞士,3,LB,13,,,FBref+ESPN
Ruben Vargas,,瑞士,3,"AM,FW,MF,LW",17,,,FBref+ESPN
Rubén Vargas,,瑞士,3,AM-L,,,,FBref+ESPN
Silvan Widmer,,瑞士,3,"DF,MF,RB,SUB",3,,,FBref+ESPN
Yvon Mvogo,,瑞士,3,SUB,,,,FBref+ESPN
Zeki Amdouni,,瑞士,3,"FW,MF,SUB",23,,,FBref+ESPN
Alban Lafont,,科特迪瓦,3,SUB,,,,FBref+ESPN
Amad Diallo,,科特迪瓦,3,"AM-R,FW,FW,MF,RW",15,,,FBref+ESPN
Ange-Yoan Bonny,,科特迪瓦,3,"F,FW",9,,,FBref+ESPN
Bazoumana Touré,,科特迪瓦,3,"LW,MF,SUB",24,,,FBref+ESPN
Christ Inao Oulaï,,科特迪瓦,3,"CM,MF,SUB",26,,,FBref+ESPN
Christopher Operi,,科特迪瓦,3,LB,,,,FBref+ESPN
Christopher Opéri,,科特迪瓦,1,LB,13,,,FBref+ESPN
Elye Wahi,,科特迪瓦,3,"FW,SUB",12,,,FBref+ESPN
Emmanuel Agbadou,,科特迪瓦,3,"CB,SUB",20,,,FBref+ESPN
Evan Ndicka,,科特迪瓦,3,SUB,,,,FBref+ESPN
Evann Guessand,,科特迪瓦,3,"FW,MF,SUB",22,,,FBref+ESPN
Franck Kessié,,科特迪瓦,3,"CM,LM",8,,,FBref+ESPN
Ghislain Konan,,科特迪瓦,3,"LB,SUB",3,,,FBref+ESPN
Guela Doué,,科特迪瓦,3,RB,,,,FBref+ESPN
Guéla Doué,,科特迪瓦,3,"DF,RB",17,,,FBref+ESPN
Ibrahim Sangaré,,科特迪瓦,3,"CM,DM,MF,RM",18,,,FBref+ESPN
Jean Michaël Seri,,科特迪瓦,3,SUB,,,,FBref+ESPN
Jean Seri,,科特迪瓦,1,MF,4,,,FBref+ESPN
Mohamed Koné,,科特迪瓦,3,SUB,,,,FBref+ESPN
Nicolas Pépé,,科特迪瓦,3,"AM,FW,FW,MF",19,,,FBref+ESPN
Odilon Kossounou,,科特迪瓦,3,"CB,CD-R,DF",7,,,FBref+ESPN
Oumar Diakité,,科特迪瓦,3,"FW,SUB",14,,,FBref+ESPN
Ousmane Diomande,,科特迪瓦,3,"CB,CD-L",2,,,FBref+ESPN
Parfait Guiagon,,科特迪瓦,3,SUB,,,,FBref+ESPN
Seko Fofana,,科特迪瓦,3,"CM,MF,SUB",6,,,FBref+ESPN
Simon Adingra,,科特迪瓦,3,"FW,MF,SUB",10,,,FBref+ESPN
Wilfried Singo,,科特迪瓦,3,"CB,RB,SUB",5,,,FBref+ESPN
Yahia Fofana,,科特迪瓦,3,"G,GK",1,,,FBref+ESPN
Yan Diomande,,科特迪瓦,3,AM-L,,,,FBref+ESPN
Yan Diomandé,,科特迪瓦,3,"FW,LW,RW",11,,,FBref+ESPN
Adem Arous,,突尼斯,2,SUB,,,,FBref+ESPN
Ali Abdi,,突尼斯,5,LB,2,,,FBref+ESPN
Anis Ben Slimane,,突尼斯,3,"CM,FW,RM",25,,,FBref+ESPN
Anis Slimane,,突尼斯,3,RM,,,,FBref+ESPN
Aymen Dahmen,,突尼斯,4,"G,GK",16,,,FBref+ESPN
Dylan Bronn,,突尼斯,4,"CB,SUB",6,,,FBref+ESPN
Elias Achouri,,突尼斯,5,"FW,MF,SUB",7,,,FBref+ESPN
Elias Saad,,突尼斯,5,"FW,RM,SUB",8,,,FBref+ESPN
Ellyes Skhiri,,突尼斯,5,"CB,CD,CM",17,,,FBref+ESPN
Firas Chaouat,,突尼斯,5,"FW,SUB",19,,,FBref+ESPN
Hadj Mahmoud,,突尼斯,2,MF,15,,,FBref+ESPN
Hannibal Mejbri,,突尼斯,5,"CM,LM",10,,,FBref+ESPN
Hazem Mastouri,,突尼斯,3,"F,FW",9,,,FBref+ESPN
Ismaël Gharbi,,突尼斯,5,"CM,CM-R,MF",11,,,FBref+ESPN
Khalil Ayari,,突尼斯,3,SUB,,,,FBref+ESPN
Mohamed Amine Ben Hamida,,突尼斯,5,"CB,CD-L,DF",21,,,FBref+ESPN
Mohamed Hadj Mahmoud,,突尼斯,3,SUB,,,,FBref+ESPN
Montassar Talbi,,突尼斯,5,"CB,CD-R",3,,,FBref+ESPN
Mortadha Ben Ouanes,,突尼斯,3,"DF,MF,SUB",12,,,FBref+ESPN
Mouhib Chamakh,,突尼斯,4,"GK,SUB",1,,,FBref+ESPN
Moutaz Neffati,,突尼斯,2,SUB,,,,FBref+ESPN
Omar Rekik,,突尼斯,5,"CB,SUB",4,,,FBref+ESPN
Raed Chikhaoui,,突尼斯,3,SUB,,,,FBref+ESPN
Rani Khedira,,突尼斯,5,"CM,CM-L,DF,MF",13,,,FBref+ESPN
Rayan Elloumi,,突尼斯,3,SUB,,,,FBref+ESPN
Sabri Ben Hessen,,突尼斯,3,SUB,,,,FBref+ESPN
Sebastian Tounekti,,突尼斯,5,"FW,FW,MF,SUB",26,,,FBref+ESPN
Yan Valery,,突尼斯,5,RB,20,,,FBref+ESPN
Abdallah Al-Fakhouri,,约旦,2,SUB,,,,FBref+ESPN
Abdallah Nasib,,约旦,4,"CB,CD-R",3,,,FBref+ESPN
Ali Azaizeh,,约旦,4,"MF,SUB",24,,,FBref+ESPN
Ali Olwan,,约旦,4,"CF-R,LM,RM",9,,,FBref+ESPN
Amer Jamous,,约旦,2,SUB,,,,FBref+ESPN
Anas Badawi,,约旦,2,SUB,,,,FBref+ESPN
Ehsan Haddad,,约旦,2,RM,,,,FBref+ESPN
Husam Abu Dahab,,约旦,3,"CB,CD-L",4,,,FBref+ESPN
Ibrahim Sadeh,,约旦,2,SUB,,,,FBref+ESPN
Ihsan Haddad,,约旦,2,RB,23,,,FBref+ESPN
Mahmoud Al-Mardi,,约旦,4,"CF-L,FW,MF,LM",13,,,FBref+ESPN
Mo Abualnadi,,约旦,1,CB,16,,,FBref+ESPN
Mohammad Abu Hasheesh,,约旦,3,"DF,SUB",2,,,FBref+ESPN
Mohammad Abualnadi,,约旦,2,SUB,,,,FBref+ESPN
Mohammad Abughoush,,约旦,2,SUB,,,,FBref+ESPN
Mohammad Al-Daoud,,约旦,2,SUB,,,,FBref+ESPN
Mohammad Al-Dawud,,约旦,1,"FW,MF",25,,,FBref+ESPN
Mohammed Abu Zraiq,,约旦,2,SUB,,,,FBref+ESPN
Mohannad Abu Taha,,约旦,4,"LB,LM",20,,,FBref+ESPN
Mousa Al-Tamari,,约旦,2,F,,,,FBref+ESPN
Musa Al-Taamari,,约旦,2,FW,10,,,FBref+ESPN
Nizar Al Rashdan,,约旦,2,CM,21,,,FBref+ESPN
Nizar Al-Rashdan,,约旦,2,CM-R,,,,FBref+ESPN
Noor Al Rawabdeh,,约旦,2,CM,8,,,FBref+ESPN
Noor Al-Rawabdeh,,约旦,2,CM-L,,,,FBref+ESPN
Nour Bani Ateyah,,约旦,2,SUB,,,,FBref+ESPN
Odeh Al-Fakhouri,,约旦,2,"MF,RM",11,,,FBref+ESPN
Odeh Fakhoury,,约旦,2,SUB,,,,FBref+ESPN
Rajaei Ayed,,约旦,2,SUB,,,,FBref+ESPN
Saed Al-Rosan,,约旦,3,"DF,SUB",19,,,FBref+ESPN
Saleem Obaid,,约旦,2,SUB,,,,FBref+ESPN
Salim Obaid,,约旦,2,DF,17,,,FBref+ESPN
Sharara,,约旦,1,FW,7,,,FBref+ESPN
Yazan Al-Arab,,约旦,4,"CB,CD",5,,,FBref+ESPN
Yazeed Abulaila,,约旦,4,"G,GK",1,,,FBref+ESPN
Alejandro Zendejas,,美国,4,"FW,MF,SUB",26,,,FBref+ESPN
Alex Freeman,,美国,5,"CB,DF,RB,SUB",16,,,FBref+ESPN
Antonee Robinson,,美国,4,"LB,LM,SUB",5,,,FBref+ESPN
Auston Trusty,,美国,4,"DF,LB",6,,,FBref+ESPN
Brenden Aaronson,,美国,4,"AM,RF",11,,,FBref+ESPN
Chris Brady,,美国,3,SUB,,,,FBref+ESPN
Chris Richards,,美国,4,"CB,SUB",3,,,FBref+ESPN
Christian Pulisic,,美国,4,"AM,FW,MF,SUB",10,,,FBref+ESPN
Cristian Roldan,,美国,2,SUB,,,,FBref+ESPN
Folarin Balogun,,美国,4,"FW,SUB",20,,,FBref+ESPN
Gio Reyna,,美国,3,"AM,MF",7,,,FBref+ESPN
Giovanni Reyna,,美国,3,LM,,,,FBref+ESPN
Haji Wright,,美国,3,"FW,MF,SUB",19,,,FBref+ESPN
Joe Scally,,美国,4,"DF,MF,RB",23,,,FBref+ESPN
Malik Tillman,,美国,5,"CM,DM,FW,MF,SUB",17,,,FBref+ESPN
Mark McKenzie,,美国,4,"CB,CD-L",22,,,FBref+ESPN
Matt Freese,,美国,4,"GK,SUB",24,,,FBref+ESPN
Matt Turner,,美国,4,"G,GK",1,,,FBref+ESPN
Max Arfsten,,美国,3,SUB,,,,FBref+ESPN
Miles Robinson,,美国,4,"CB,CD-R",12,,,FBref+ESPN
Ricardo Pepi,,美国,5,"F,FW",9,,,FBref+ESPN
Sebastian Berhalter,,美国,5,"CM,DM,MF",14,,,FBref+ESPN
Sergiño Dest,,美国,5,"AM,DF,MF,RM,SUB",2,,,FBref+ESPN
Tim Ream,,美国,4,"CB,SUB",13,,,FBref+ESPN
Timothy Weah,,美国,5,"AM,DF,FW,LF",21,,,FBref+ESPN
Tyler Adams,,美国,4,"CM,DM,SUB",4,,,FBref+ESPN
Weston McKennie,,美国,5,"AM,CM,DM,RM",8,,,FBref+ESPN
Aaron Hickey,,苏格兰,4,"RB,SUB",2,,,FBref+ESPN
Andy Robertson,,苏格兰,4,LB,3,,,FBref+ESPN
Angus Gunn,,苏格兰,4,"G,GK",1,,,FBref+ESPN
Anthony Ralston,,苏格兰,3,"DF,SUB",24,,,FBref+ESPN
Ben Gannon-Doak,,苏格兰,4,"AM,AM-R,MF,RW",17,,,FBref+ESPN
Ché Adams,,苏格兰,4,"FW,FW,MF,SUB",10,,,FBref+ESPN
Craig Gordon,,苏格兰,3,SUB,,,,FBref+ESPN
Dominic Hyam,,苏格兰,3,SUB,,,,FBref+ESPN
Findlay Curtis,,苏格兰,4,"MF,SUB",25,,,FBref+ESPN
George Hirst,,苏格兰,3,SUB,,,,FBref+ESPN
Grant Hanley,,苏格兰,4,"CB,SUB",5,,,FBref+ESPN
Jack Hendry,,苏格兰,4,"CB,CD-R",13,,,FBref+ESPN
John McGinn,,苏格兰,4,"AM,AM-L,LW,RW",7,,,FBref+ESPN
John Souttar,,苏格兰,3,SUB,,,,FBref+ESPN
Kenny McLean,,苏格兰,4,"DF,MF,DM,LM",23,,,FBref+ESPN
Kieran Tierney,,苏格兰,3,"DF,MF,LW,SUB",6,,,FBref+ESPN
Lawrence Shankland,,苏格兰,4,"F,FW",20,,,FBref+ESPN
Lewis Ferguson,,苏格兰,4,"CM,DM,RM",19,,,FBref+ESPN
Liam Kelly,,苏格兰,3,SUB,,,,FBref+ESPN
Lyndon Dykes,,苏格兰,4,"FW,MF,SUB",9,,,FBref+ESPN
Nathan Patterson,,苏格兰,4,"DF,RB",22,,,FBref+ESPN
Ross Stewart,,苏格兰,3,"FW,SUB",14,,,FBref+ESPN
Ryan Christie,,苏格兰,4,"AM,FW,MF,SUB",11,,,FBref+ESPN
Scott McKenna,,苏格兰,3,"CB,CD-L",26,,,FBref+ESPN
Scott McTominay,,苏格兰,4,"AM,CM",4,,,FBref+ESPN
Tyler Fletcher,,苏格兰,3,SUB,,,,FBref+ESPN
Anthony Gordon,,英格兰,2,"AM,AM-L",18,,,FBref+ESPN
Bukayo Saka,,英格兰,2,"FW,MF,SUB",7,,,FBref+ESPN
Dan Burn,,英格兰,2,SUB,,,,FBref+ESPN
Dean Henderson,,英格兰,2,SUB,,,,FBref+ESPN
Declan Rice,,英格兰,2,"DM,LM",4,,,FBref+ESPN
Djed Spence,,英格兰,2,"DF,MF,LB",25,,,FBref+ESPN
Eberechi Eze,,英格兰,2,"FW,MF,SUB",21,,,FBref+ESPN
Elliot Anderson,,英格兰,2,"DM,RM",8,,,FBref+ESPN
Ezri Konsa,,英格兰,2,"CB,CD-R",2,,,FBref+ESPN
Harry Kane,,英格兰,2,"F,FW",9,,,FBref+ESPN
Ivan Toney,,英格兰,2,SUB,,,,FBref+ESPN
James Trafford,,英格兰,2,SUB,,,,FBref+ESPN
Jarell Quansah,,英格兰,2,SUB,,,,FBref+ESPN
John Stones,,英格兰,2,"CB,SUB",5,,,FBref+ESPN
Jordan Henderson,,英格兰,2,SUB,,,,FBref+ESPN
Jordan Pickford,,英格兰,2,"G,GK",1,,,FBref+ESPN
Jude Bellingham,,英格兰,2,AM,10,,,FBref+ESPN
Kobbie Mainoo,,英格兰,2,SUB,,,,FBref+ESPN
Marc Guéhi,,英格兰,2,"CB,CD-L,DF",6,,,FBref+ESPN
Marcus Rashford,,英格兰,2,"FW,MF,SUB",11,,,FBref+ESPN
Morgan Rogers,,英格兰,2,"FW,MF,SUB",17,,,FBref+ESPN
Nico O'Reilly,,英格兰,2,"DF,MF,LB,SUB",3,,,FBref+ESPN
Noni Madueke,,英格兰,2,"AM,AM-R",20,,,FBref+ESPN
Ollie Watkins,,英格兰,2,SUB,,,,FBref+ESPN
Reece James,,英格兰,2,RB,24,,,FBref+ESPN
Trevoh Chalobah,,英格兰,1,SUB,,,,FBref+ESPN
Bart Verbruggen,,荷兰,3,"G,GK",1,,,FBref+ESPN
Brian Brobbey,,荷兰,3,"F,FW",19,,,FBref+ESPN
Cody Gakpo,,荷兰,3,"FW,LF",11,,,FBref+ESPN
Crysencio Summerville,,荷兰,3,"FW,FW,MF,SUB",24,,,FBref+ESPN
Denzel Dumfries,,荷兰,3,RB,22,,,FBref+ESPN
Donyell Malen,,荷兰,3,"FW,RF",18,,,FBref+ESPN
Frenkie de Jong,,荷兰,3,"CM,DM",21,,,FBref+ESPN
Guus Til,,荷兰,3,"FW,MF,SUB",16,,,FBref+ESPN
Jan Paul van Hecke,,荷兰,3,"CB,CD-R",6,,,FBref+ESPN
Jorrel Hato,,荷兰,3,SUB,,,,FBref+ESPN
Justin Kluivert,,荷兰,3,"FW,MF,SUB",7,,,FBref+ESPN
Lutsharel Geertruida,,荷兰,3,SUB,,,,FBref+ESPN
Mark Flekken,,荷兰,3,SUB,,,,FBref+ESPN
Marten de Roon,,荷兰,3,SUB,,,,FBref+ESPN
Mats Wieffer,,荷兰,3,SUB,,,,FBref+ESPN
Memphis,,荷兰,3,"FW,MF",10,,,FBref+ESPN
Memphis Depay,,荷兰,3,SUB,,,,FBref+ESPN
Micky van de Ven,,荷兰,3,"LB,SUB",15,,,FBref+ESPN
Nathan Aké,,荷兰,3,"DF,MF,LB",5,,,FBref+ESPN
Noa Lang,,荷兰,3,"FW,MF,SUB",17,,,FBref+ESPN
Quinten Timber,,荷兰,2,"MF,SUB",26,,,FBref+ESPN
Robin Roefs,,荷兰,3,SUB,,,,FBref+ESPN
Ryan Gravenberch,,荷兰,3,"CM,RM",8,,,FBref+ESPN
Teun Koopmeiners,,荷兰,3,"DF,MF,SUB",20,,,FBref+ESPN
Tijjani Reijnders,,荷兰,3,"CM,LM",14,,,FBref+ESPN
Virgil van Dijk,,荷兰,3,"CB,CD-L",4,,,FBref+ESPN
Wout Weghorst,,荷兰,3,SUB,,,,FBref+ESPN
Bernardo Silva,,葡萄牙,2,"AM,FW,MF,SUB",10,,,FBref+ESPN
Bruno Fernandes,,葡萄牙,2,AM,8,,,FBref+ESPN
Cristiano Ronaldo,,葡萄牙,2,"F,FW",7,,,FBref+ESPN
Diogo Costa,,葡萄牙,2,"G,GK",1,,,FBref+ESPN
Diogo Dalot,,葡萄牙,2,SUB,,,,FBref+ESPN
Francisco Conceição,,葡萄牙,2,"MF,SUB",26,,,FBref+ESPN
Francisco Trincão,,葡萄牙,2,"FW,MF,SUB",16,,,FBref+ESPN
Gonçalo Guedes,,葡萄牙,2,SUB,,,,FBref+ESPN
Gonçalo Inácio,,葡萄牙,2,SUB,,,,FBref+ESPN
Gonçalo Ramos,,葡萄牙,2,"FW,SUB",9,,,FBref+ESPN
José Sá,,葡萄牙,2,SUB,,,,FBref+ESPN
João Cancelo,,葡萄牙,2,RB,20,,,FBref+ESPN
João Félix,,葡萄牙,2,"AM,AM-L",11,,,FBref+ESPN
João Neves,,葡萄牙,2,"DM,RM",15,,,FBref+ESPN
Matheus Nunes,,葡萄牙,2,SUB,,,,FBref+ESPN
Nuno Mendes,,葡萄牙,2,LB,25,,,FBref+ESPN
Nélson Semedo,,葡萄牙,2,"DF,MF,SUB",2,,,FBref+ESPN
Pedro Neto,,葡萄牙,2,"AM,AM-R",18,,,FBref+ESPN
Rafael Leão,,葡萄牙,2,"FW,MF,SUB",17,,,FBref+ESPN
Renato Veiga,,葡萄牙,2,"CB,CD-L",13,,,FBref+ESPN
Rui Silva,,葡萄牙,2,SUB,,,,FBref+ESPN
Rúben Dias,,葡萄牙,2,"CB,CD-R",3,,,FBref+ESPN
Rúben Neves,,葡萄牙,2,SUB,,,,FBref+ESPN
Samú Costa,,葡萄牙,2,SUB,,,,FBref+ESPN
Tomás Araújo,,葡萄牙,2,"CB,SUB",4,,,FBref+ESPN
Vitinha,,葡萄牙,2,DM,23,,,FBref+ESPN
Vitinha ,,葡萄牙,2,LM,,,,FBref+ESPN
Alejandro Grimaldo,,西班牙,2,SUB,,,,FBref+ESPN
Aymeric Laporte,,西班牙,2,"CB,CD-L",14,,,FBref+ESPN
Borja Iglesias,,西班牙,2,SUB,,,,FBref+ESPN
Dani Olmo,,西班牙,2,"CM,FW,MF,RM",10,,,FBref+ESPN
David Raya,,西班牙,2,SUB,,,,FBref+ESPN
Eric García,,西班牙,2,SUB,,,,FBref+ESPN
Fabián Ruiz,,西班牙,2,SUB,,,,FBref+ESPN
Fabián Ruiz Peña,,西班牙,2,"CM,MF",8,,,FBref+ESPN
Ferran Torres,,西班牙,2,SUB,,,,FBref+ESPN
Ferrán Torres,,西班牙,2,"FW,FW,MF",7,,,FBref+ESPN
Gavi,,西班牙,1,"FW,LF",9,,,FBref+ESPN
Gavi ,,西班牙,1,SUB,,,,FBref+ESPN
Joan García,,西班牙,2,SUB,,,,FBref+ESPN
Lamine Yamal,,西班牙,2,"FW,FW,MF,RF",19,,,FBref+ESPN
Marc Cucurella,,西班牙,2,LB,24,,,FBref+ESPN
Marc Pubill,,西班牙,2,SUB,,,,FBref+ESPN
Marcos Llorente,,西班牙,2,"RB,SUB",5,,,FBref+ESPN
Martín Zubimendi,,西班牙,2,SUB,,,,FBref+ESPN
Mikel Merino,,西班牙,2,"MF,SUB",6,,,FBref+ESPN
Mikel Oyarzabal,,西班牙,2,"F,FW",21,,,FBref+ESPN
Nico Williams,,西班牙,2,"MF,SUB",17,,,FBref+ESPN
Pau Cubarsí,,西班牙,2,"CB,CD-R",22,,,FBref+ESPN
Pedri,,西班牙,2,"CM,LM",20,,,FBref+ESPN
Pedri ,,西班牙,1,LM,,,,FBref+ESPN
Pedro Porro,,西班牙,2,RB,12,,,FBref+ESPN
Rodri,,西班牙,2,"CM,DM",16,,,FBref+ESPN
Rodri ,,西班牙,1,CM,,,,FBref+ESPN
Unai Simón,,西班牙,2,"G,GK",23,,,FBref+ESPN
Víctor Muñoz,,西班牙,2,SUB,,,,FBref+ESPN
Yéremy Pino,,西班牙,2,"FW,MF,SUB",11,,,FBref+ESPN
Álex Baena,,西班牙,2,"FW,LF",15,,,FBref+ESPN
Achraf Abada,,阿尔及利亚,2,SUB,,,,FBref+ESPN
Adil Boulbina,,阿尔及利亚,3,"FW,SUB",20,,,FBref+ESPN
Amine Gouiri,,阿尔及利亚,4,"F,FW",9,,,FBref+ESPN
Anis Hadj Moussa,,阿尔及利亚,4,"AM,FW,MF,SUB",11,,,FBref+ESPN
Aïssa Mandi,,阿尔及利亚,4,"CB,CD-R",2,,,FBref+ESPN
Fares Chaïbi,,阿尔及利亚,2,AM,10,,,FBref+ESPN
Farès Chaïbi,,阿尔及利亚,2,AM-L,,,,FBref+ESPN
Farès Ghedjemis,,阿尔及利亚,2,SUB,,,,FBref+ESPN
Hicham Boudaoui,,阿尔及利亚,4,"DM,RM",14,,,FBref+ESPN
Houssem Aouar,,阿尔及利亚,3,"MF,SUB",8,,,FBref+ESPN
Ibrahim Maza,,阿尔及利亚,4,AM,22,,,FBref+ESPN
Jaouen Hadjam,,阿尔及利亚,3,"DF,SUB",13,,,FBref+ESPN
Luca Zidane,,阿尔及利亚,4,"G,GK",23,,,FBref+ESPN
Melvin Mastil,,阿尔及利亚,2,SUB,,,,FBref+ESPN
Mohamed Amine Tougai,,阿尔及利亚,2,SUB,,,,FBref+ESPN
Mohamed Amoura,,阿尔及利亚,2,"FW,MF,SUB",18,,,FBref+ESPN
Nabil Bentaleb,,阿尔及利亚,4,"DM,MF,SUB",19,,,FBref+ESPN
Nadhir Benbouali,,阿尔及利亚,3,"FW,SUB",12,,,FBref+ESPN
Oussama Benbot,,阿尔及利亚,2,SUB,,,,FBref+ESPN
Rafik Belghali,,阿尔及利亚,4,RB,17,,,FBref+ESPN
Ramiz Zerrouki,,阿尔及利亚,4,"DM,LM,MF",6,,,FBref+ESPN
Ramy Bensebaini,,阿尔及利亚,4,"CB,CD-L",21,,,FBref+ESPN
Rayan Aït-Nouri,,阿尔及利亚,4,LB,15,,,FBref+ESPN
Riyad Mahrez,,阿尔及利亚,4,"AM,AM-R,FW,MF",7,,,FBref+ESPN
Samir Chergui,,阿尔及利亚,2,SUB,,,,FBref+ESPN
Yassine Titraoui,,阿尔及利亚,2,SUB,,,,FBref+ESPN
Zineddine Belaïd,,阿尔及利亚,3,"DF,SUB",5,,,FBref+ESPN
Alexis Mac Allister,,阿根廷,3,"CM,CM-R",20,,,FBref+ESPN
Cristian Romero,,阿根廷,3,"CB,CD-R",13,,,FBref+ESPN
Emiliano Martínez,,阿根廷,3,"G,GK",23,,,FBref+ESPN
Enzo Fernández,,阿根廷,3,"CM,CM-L",24,,,FBref+ESPN
Exequiel Palacios,,阿根廷,2,SUB,,,,FBref+ESPN
Facundo Medina,,阿根廷,3,LB,25,,,FBref+ESPN
Gerónimo Rulli,,阿根廷,2,SUB,,,,FBref+ESPN
Giovani Lo Celso,,阿根廷,2,SUB,,,,FBref+ESPN
Giuliano Simeone,,阿根廷,2,SUB,,,,FBref+ESPN
Gonzalo Montiel,,阿根廷,3,"RB,SUB",4,,,FBref+ESPN
José Manuel López,,阿根廷,2,SUB,,,,FBref+ESPN
Juan Musso,,阿根廷,2,SUB,,,,FBref+ESPN
Julián Álvarez,,阿根廷,3,"FW,MF,SUB",9,,,FBref+ESPN
Lautaro Martínez,,阿根廷,3,"CF-L,FW",22,,,FBref+ESPN
Leandro Paredes,,阿根廷,2,"MF,SUB",5,,,FBref+ESPN
Lionel Messi,,阿根廷,3,"CF-R,FW",10,,,FBref+ESPN
Lisandro Martínez,,阿根廷,3,"CB,CD-L",6,,,FBref+ESPN
Marcos Senesi,,阿根廷,2,SUB,,,,FBref+ESPN
Nahuel Molina,,阿根廷,3,"DF,MF,RB",26,,,FBref+ESPN
Nico González,,阿根廷,2,SUB,,,,FBref+ESPN
Nico Paz,,阿根廷,2,SUB,,,,FBref+ESPN
Nicolás González,,阿根廷,2,"FW,MF",15,,,FBref+ESPN
Nicolás Otamendi,,阿根廷,3,"DF,SUB",19,,,FBref+ESPN
Nicolás Paz,,阿根廷,1,MF,18,,,FBref+ESPN
Nicolás Tagliafico,,阿根廷,2,"DF,SUB",3,,,FBref+ESPN
Rodrigo De Paul,,阿根廷,3,"RM,RW",7,,,FBref+ESPN
Thiago Almada,,阿根廷,3,"LM,LW",16,,,FBref+ESPN
Valentín Barco,,阿根廷,2,SUB,,,,FBref+ESPN
Bae Jun-Ho,,韩国,3,SUB,,,,FBref+ESPN
Cho Gue-Sung,,韩国,3,SUB,,,,FBref+ESPN
Cho Gue-sung,,韩国,2,FW,9,,,FBref+ESPN
Cho Wi-Je,,韩国,3,SUB,,,,FBref+ESPN
Eom Ji-Sung,,韩国,3,SUB,,,,FBref+ESPN
Eom Ji-sung,,韩国,2,MF,25,,,FBref+ESPN
Hwang Hee-Chan,,韩国,3,CF-L,,,,FBref+ESPN
Hwang Hee-chan,,韩国,3,"FW,FW,MF",11,,,FBref+ESPN
Hwang In-Beom,,韩国,3,CM-L,,,,FBref+ESPN
Hwang In-beom,,韩国,3,CM,6,,,FBref+ESPN
Jens Castrop,,韩国,4,"MF,SUB",23,,,FBref+ESPN
Jo Hyeon-Woo,,韩国,3,SUB,,,,FBref+ESPN
Kim Jin-Gyu,,韩国,3,SUB,,,,FBref+ESPN
Kim Jin-gyu,,韩国,2,MF,24,,,FBref+ESPN
Kim Min-Jae,,韩国,3,CD,,,,FBref+ESPN
Kim Min-jae,,韩国,3,CB,4,,,FBref+ESPN
Kim Moon-Hwan,,韩国,3,SUB,,,,FBref+ESPN
Kim Moon-hwan,,韩国,1,RM,15,,,FBref+ESPN
Kim Seung-Gyu,,韩国,3,G,,,,FBref+ESPN
Kim Seung-gyu,,韩国,3,GK,1,,,FBref+ESPN
Kim Tae-Hyeon,,韩国,3,SUB,,,,FBref+ESPN
Lee Dong-Gyeong,,韩国,3,SUB,,,,FBref+ESPN
Lee Gi-Hyuk,,韩国,3,CD-L,,,,FBref+ESPN
Lee Gi-hyuk,,韩国,3,CB,3,,,FBref+ESPN
Lee Han-Beom,,韩国,3,CD-R,,,,FBref+ESPN
Lee Han-beom,,韩国,3,CB,2,,,FBref+ESPN
Lee Jae-Sung,,韩国,3,SUB,,,,FBref+ESPN
Lee Jae-sung,,韩国,2,FW,10,,,FBref+ESPN
Lee Kang-In,,韩国,3,CF-R,,,,FBref+ESPN
Lee Kang-in,,韩国,3,FW,19,,,FBref+ESPN
Lee Tae-Seok,,韩国,3,LM,,,,FBref+ESPN
Lee Tae-seok,,韩国,2,LM,13,,,FBref+ESPN
Oh Hyeon-Gyu,,韩国,3,F,,,,FBref+ESPN
Oh Hyeon-gyu,,韩国,3,FW,18,,,FBref+ESPN
Paik Seung-Ho,,韩国,3,CM-R,,,,FBref+ESPN
Paik Seung-ho,,韩国,3,CM,8,,,FBref+ESPN
Park Jin-Seop,,韩国,3,SUB,,,,FBref+ESPN
Park Jinseob,,韩国,2,"DF,MF",16,,,FBref+ESPN
Seol Young-Woo,,韩国,3,RM,,,,FBref+ESPN
Seol Young-woo,,韩国,3,"LM,RM",22,,,FBref+ESPN
Son Heung-Min,,韩国,3,SUB,,,,FBref+ESPN
Son Heung-min,,韩国,3,"FW,FW,MF",7,,,FBref+ESPN
Song Bum-Keun,,韩国,3,SUB,,,,FBref+ESPN
Yang Hyun-Jun,,韩国,3,SUB,,,,FBref+ESPN
Yang Hyun-jun,,韩国,1,"FW,MF",20,,,FBref+ESPN
